Workbook

Sheet Telemetry
A1: timestamp | B1: satellite_id | C1: position_x | D1: position_y | E1: position_z | F1: velocity_x | G1: velocity_y | H1: velocity_z | I1: semi_major_axis | J1: eccentricity | K1: inclination | L1: raan | M1: argument_of_perigee | N1: true_anomaly | O1: orientation_q0 | P1: orientation_q1 | Q1: orientation_q2 | R1: orientation_q3 | S1: angular_velocity_x | T1: angular_velocity_y | U1: angular_velocity_z | V1: battery_percentage | W1: battery_voltage | X1: battery_current | Y1: temperature | Z1: solar_power_input | AA1: power_draw | AB1: payload_status | AC1: payload_power_draw | AD1: communication_status | AE1: fuel_remaining_pct | AF1: sunlit
A2: 2019-12-09T00:00:00Z | B2: ISS-25544 | C2: 5008.0422 | D2: 4478.6159 | E2: -1058.7324 | F2: -3.8912014 | G2: 2.968865 | H2: -5.8857934 | I2: 6800.5855 | J2: 0.000789259 | K2: 51.662273 | L2: 214.64691 | M2: 92.388469 | N2: 99.05827 | O2: -0.019279924 | P2: -0.49515512 | Q2: -0.4207015 | R2: 0.75990784 | S2: -0.013021795 | T2: -0.063862632 | U2: -0.003162426 | V2: 58.855714 | W2: 7.4313484 | X2: -7.3910869 | Y2: 13.264689 | Z2: 0.30471708 | AA2: 55.230459 | AB2: ON | AC2: 24.480008 | AD2: LINKED | AE2: 100 | AF2: =FALSE() -> FALSE
A3: 2019-12-09T00:01:00Z | B3: ISS-25544 | C3: 4763.3194 | D3: 4646.3908 | E3: -1409.1872 | F3: -4.2631346 | G3: 2.6215351 | H3: -5.7915873 | I3: 6800.2211 | J3: 0.000717358 | K3: 51.66106 | L3: 214.64653 | M3: 86.861766 | N3: 108.45411 | O3: -0.033461877 | P3: -0.46921682 | Q3: -0.41981628 | R3: 0.77618952 | S3: 0.011272412 | T3: -0.062169472 | U3: -0.008592925 | V3: 57.700445 | W3: 7.4003665 | X3: -7.4932607 | Y3: 12.221264 | Z3: 0 | AA3: 55.452876 | AB3: ON | AC3: 24.573478 | AD3: LINKED | AE3: 100 | AF3: =FALSE() -> FALSE
A4: 2019-12-09T00:02:00Z | B4: ISS-25544 | C4: 4496.8592 | D4: 4792.962 | E4: -1753.1929 | F4: -4.6155085 | G4: 2.262344 | H4: -5.6709067 | I4: 6799.7632 | J4: 0.000671185 | K4: 51.659535 | L4: 214.64592 | M4: 79.050496 | N4: 120.13418 | O4: -0.047601582 | P4: -0.44274569 | Q4: -0.41845419 | R4: 0.79158476 | S4: -0.006809295 | T4: -0.058400828 | U4: -0.001545295 | V4: 56.241482 | W4: 7.348797 | X4: -9.529486 | Y4: 11.154742 | Z4: 0.36875078 | AA4: 70.399009 | AB4: ON | AC4: 24.520559 | AD4: DOWNLINKING | AE4: 100 | AF4: =FALSE() -> FALSE
A5: 2019-12-09T00:03:00Z | B5: ISS-25544 | C5: 4209.8837 | D5: 4917.6671 | E5: -2089.1775 | F5: -4.9467227 | G5: 1.8929418 | H5: -5.524321 | I5: 6799.2202 | J5: 0.000659992 | K5: 51.657724 | L5: 214.64502 | M5: 69.754853 | N5: 133.29837 | O5: -0.061683046 | P5: -0.41577192 | Q5: -0.41661682 | R5: 0.80607651 | S5: 0.00430821 | T5: -0.053813025 | U5: -0.00406415 | V5: 54.775727 | W5: 7.3219263 | X5: -9.6089798 | Y5: 10.320825 | Z5: 0 | AA5: 70.356242 | AB5: ON | AC5: 24.823933 | AD5: DOWNLINKING | AE5: 100 | AF5: =FALSE() -> FALSE
A6: 2019-12-09T00:04:00Z | B6: ISS-25544 | C6: 3903.7079 | D6: 5019.944 | E6: -2415.6067 | F6: -5.2552768 | G6: 1.5150226 | H6: -5.3525176 | I6: 6798.6021 | J6: 0.000687758 | K6: 51.655663 | L6: 214.64378 | M6: 60.552657 | N6: 146.36889 | O6: -0.075690374 | P6: -0.38832624 | Q6: -0.41430631 | R6: 0.81964869 | S6: -0.008401565 | T6: -0.068652468 | U6: 0.006505928 | V6: 53.313037 | W6: 7.3020923 | X6: -9.6149281 | Y6: 9.3705994 | Z6: 0 | AA6: 70.209093 | AB6: ON | AC6: 24.593114 | AD6: DOWNLINKING | AE6: 100 | AF6: =FALSE() -> FALSE
A7: 2019-12-09T00:05:00Z | B7: ISS-25544 | C7: 3579.7339 | D7: 5099.3334 | E7: -2730.991 | F7: -5.5397766 | G7: 1.1303167 | H7: -5.1562988 | I7: 6797.9202 | J7: 0.000750807 | K7: 51.653387 | L7: 214.64217 | M7: 52.932962 | N7: 157.85677 | O7: -0.089607786 | P7: -0.36043988 | Q7: -0.4115253 | R7: 0.83228629 | S7: 0.002186886 | T7: -0.060182629 | U7: 0.002235955 | V7: 51.878395 | W7: 7.2497247 | X7: -9.4986797 | Y7: 8.5370752 | Z7: 0.74325417 | AA7: 69.606067 | AB7: ON | AC7: 25.271577 | AD7: DOWNLINKING | AE7: 100 | AF7: =FALSE() -> FALSE
A8: 2019-12-09T00:06:00Z | B8: ISS-25544 | C8: 3239.4438 | D8: 5155.4809 | E8: -3033.8923 | F8: -5.7989405 | G8: 0.74058228 | H8: -4.936577 | I8: 6797.1868 | J8: 0.000840432 | K8: 51.650938 | L8: 214.64015 | M8: 47.537132 | N8: 167.12068 | O8: -0.10341964 | P8: -0.33214451 | Q8: -0.40827695 | R8: 0.84397532 | S8: -0.003196712 | T8: -0.06690208 | U8: -0.006388778 | V8: 50.427479 | W8: 7.2228853 | X8: -9.6421296 | Y8: 7.2730747 | Z8: 0.67891356 | AA8: 70.322909 | AB8: ON | AC8: 25.03379 | AD8: DOWNLINKING | AE8: 100 | AF8: =FALSE() -> FALSE
A9: 2019-12-09T00:07:00Z | B9: ISS-25544 | C9: 2884.3935 | D9: 5188.1379 | E9: -3322.9304 | F9: -6.0316044 | G9: 0.3475969 | H9: -4.6943705 | I9: 6796.4155 | J9: 0.000947155 | K9: 51.648362 | L9: 214.6377 | M9: 44.256302 | N9: 174.26954 | O9: -0.11711043 | P9: -0.30347224 | Q9: -0.40456493 | R9: 0.85470285 | S9: -0.00334885 | T9: -0.063747441 | U9: 0.005862223 | V9: 48.971611 | W9: 7.1946842 | X9: -9.7129543 | Y9: 6.00456 | Z9: 0 | AA9: 69.88164 | AB9: ON | AC9: 25.747471 | AD9: DOWNLINKING | AE9: 100 | AF9: =FALSE() -> FALSE
A10: 2019-12-09T00:08:00Z | B10: ISS-25544 | C10: 2516.2046 | D10: 5197.163 | E10: -3596.7894 | F10: -6.2367269 | G10: -0.046850388 | H10: -4.4307976 | I10: 6795.6202 | J10: 0.00106299 | K10: 51.645704 | L10: 214.6348 | M10: 42.679418 | N10: 179.71447 | O10: -0.13066482 | P10: -0.27445556 | Q10: -0.40039342 | R10: 0.86445703 | S10: -0.001913043 | T10: -0.070950972 | U10: -0.011332872 | V10: 47.839596 | W10: 7.1389033 | X10: -7.6113543 | Y10: 5.5617248 | Z10: 0.71122658 | AA10: 55.047949 | AB10: ON | AC10: 25.396674 | AD10: NO_CONTACT | AE10: 100 | AF10: =FALSE() -> FALSE
A11: 2019-12-09T00:09:00Z | B11: ISS-25544 | C11: 2136.5579 | D11: 5182.5223 | E11: -3854.2232 | F11: -6.4133931 | G11: -0.4409674 | H11: -4.1470718 | I11: 6794.8153 | J11: 0.001181786 | K11: 51.643014 | L11: 214.63144 | M11: 42.380251 | N11: 183.88173 | O11: -0.14406766 | P11: -0.24512731 | Q11: -0.39576711 | R11: 0.87322707 | S11: 0.001585397 | T11: -0.061456063 | U11: -0.003093465 | V11: 46.685617 | W11: 7.1342645 | X11: -7.7640808 | Y11: 4.7554628 | Z11: 0 | AA11: 55.391006 | AB11: ON | AC11: 25.24858 | AD11: NO_CONTACT | AE11: 100 | AF11: =FALSE() -> FALSE
A12: 2019-12-09T00:10:00Z | B12: ISS-25544 | C12: 1747.1848 | D12: 5144.2893 | E12: -4094.0611 | F12: -6.5608182 | G12: -0.83296683 | H12: -3.8444952 | I12: 6794.0155 | J12: 0.001298849 | K12: 51.640339 | L12: 214.62761 | M12: 43.012737 | N12: 187.11744 | O12: -0.15730398 | P12: -0.21552066 | Q12: -0.39069117 | R12: 0.88100324 | S12: 0.004869725 | T12: -0.066942431 | U12: 0.000124941 | V12: 45.563758 | W12: 7.0858954 | X12: -7.5994923 | Y12: 3.7589377 | Z12: 0.45677524 | AA12: 54.305983 | AB12: ON | AC12: 24.669037 | AD12: NO_CONTACT | AE12: 100 | AF12: =FALSE() -> FALSE
A13: 2019-12-09T00:11:00Z | B13: ISS-25544 | C13: 1349.86 | D13: 5082.6442 | E13: -4315.2134 | F13: -6.6783501 | G13: -1.2210742 | H13: -3.5244523 | I13: 6793.2353 | J13: 0.001410519 | K13: 51.63773 | L13: 214.62333 | M13: 44.318102 | N13: 189.68041 | O13: -0.17035902 | P13: -0.18566906 | Q13: -0.38517129 | R13: 0.88777693 | S13: -0.000797182 | T13: -0.07304322 | U13: -0.014471125 | V13: 44.409427 | W13: 7.0638565 | X13: -7.8438603 | Y13: 3.0440014 | Z13: 0.48074666 | AA13: 55.888651 | AB13: ON | AC13: 25.223266 | AD13: NO_CONTACT | AE13: 100 | AF13: =FALSE() -> FALSE
... A16: 2019-12-09T00:14:00Z | B16: ISS-25544 | C16: 128.40004 | D16: 4760.6203 | E16: -4856.9636 | F16: -6.8471009 | G16: -2.3446512 | H16: -2.4744742 | I16: 6791.1502 | J16: 0.00168643 | K16: 51.630755 | L16: 214.60795 | M16: 50.614915 | N16: 194.98981 | O16: -0.20829222 | P16: -0.094982593 | Q16: -0.36601197 | R16: 0.90201324 | S16: 0.000218521 | T16: -0.05662741 | U16: -0.002393556 | V16: 41.009479 | W16: 6.9736376 | X16: -7.793508 | Y16: 1.6757538 | Z16: 0 | AA16: 54.349101 | AB16: ON | AC16: 24.276971 | AD16: NO_CONTACT | AE16: 100 | AF16: =FALSE() -> FALSE
A17: 2019-12-09T00:15:00Z | B17: ISS-25544 | C17: -282.40545 | D17: 4609.2245 | E17: -4994.2449 | F17: -6.8412609 | G17: -2.699967 | H17: -2.0998327 | I17: 6790.5824 | J17: 0.001752076 | K17: 51.628855 | L17: 214.60208 | M17: 53.148446 | N17: 196.32552 | O17: -0.22047911 | P17: -0.064490185 | Q17: -0.3587827 | R17: 0.90471263 | S17: 0.003568711 | T17: -0.057327898 | U17: -0.011887631 | V17: 42.293226 | W17: 7.0422212 | X17: 8.7500621 | Y17: 2.9424995 | Z17: 116.92951 | AA17: 55.309635 | AB17: ON | AC17: 25.089638 | AD17: NO_CONTACT | AE17: 100 | AF17: =TRUE() -> TRUE
A18: 2019-12-09T00:16:00Z | B18: ISS-25544 | C18: -691.92692 | D18: 4436.8712 | E18: -5108.7528 | F18: -6.8043166 | G18: -3.0429732 | H18: -1.7156523 | I18: 6790.0963 | J18: 0.00180216 | K18: 51.62723 | L18: 214.5959 | M18: 55.776158 | N18: 197.56735 | O18: -0.23241443 | P18: -0.033923156 | Q18: -0.35114506 | R18: 0.90638287 | S18: -0.002222227 | T18: -0.072005385 | U18: -0.010155791 | V18: 43.625181 | W18: 7.0194706 | X18: 9.1080719 | Y18: 4.0859198 | Z18: 118.08075 | AA18: 54.146902 | AB18: ON | AC18: 24.536712 | AD18: NO_CONTACT | AE18: 100 | AF18: =TRUE() -> TRUE
A19: 2019-12-09T00:17:00Z | B19: ISS-25544 | C19: -1098.3026 | D19: 4244.3457 | E19: -5199.9672 | F19: -6.7364389 | G19: -3.3721265 | H19: -1.3236696 | I19: 6789.7008 | J19: 0.00183574 | K19: 51.625907 | L19: 214.58947 | M19: 58.442465 | N19: 198.77089 | O19: -0.24408494 | P19: -0.003315958 | Q19: -0.34310753 | R19: 0.90702192 | S19: -0.009895381 | T19: -0.075317234 | U19: 0.002677115 | V19: 44.948614 | W19: 7.137044 | X19: 8.9007084 | Y19: 5.1059467 | Z19: 120.94054 | AA19: 57.415794 | AB19: ON | AC19: 25.419063 | AD19: NO_CONTACT | AE19: 100 | AF19: =TRUE() -> TRUE
A20: 2019-12-09T00:18:00Z | B20: ISS-25544 | C20: -1499.6849 | D20: 4032.5237 | E20: -5267.4726 | F20: -6.6379353 | G20: -3.6859461 | H20: -0.92565504 | I20: 6789.4031 | J20: 0.001852195 | K20: 51.624912 | L20: 214.58284 | M20: 61.097105 | N20: 199.98644 | O20: -0.25547765 | P20: 0.027296912 | Q20: -0.33467909 | R20: 0.9066289 | S20: 0.001570486 | T20: -0.06545443 | U20: -0.010356538 | V20: 46.26905 | W20: 7.1076414 | X20: 8.9172974 | Y20: 6.2704434 | Z20: 117.56118 | AA20: 54.180225 | AB20: ON | AC20: 24.792321 | AD20: NO_CONTACT | AE20: 100 | AF20: =TRUE() -> TRUE
A21: 2019-12-09T00:19:00Z | B21: ISS-25544 | C21: -1894.249 | D21: 3802.3682 | E21: -5310.9611 | F21: -6.5092484 | G21: -3.983019 | H21: -0.52340496 | I21: 6789.2085 | J21: 0.001851241 | K21: 51.624263 | L21: 214.57606 | M21: 63.691512 | N21: 201.26257 | O21: -0.26657988 | P21: 0.057880936 | Q21: -0.32586912 | R21: 0.905204 | S21: 0.009827395 | T21: -0.067160513 | U21: -0.011849438 | V21: 47.524735 | W21: 7.1759522 | X21: 8.3992877 | Y21: 7.0960036 | Z21: 114.97595 | AA21: 54.703063 | AB21: ON | AC21: 24.756846 | AD21: NO_CONTACT | AE21: 100 | AF21: =TRUE() -> TRUE
A22: 2019-12-09T00:20:00Z | B22: ISS-25544 | C22: -2280.2005 | D22: 3554.9244 | E22: -5330.2328 | F22: -6.3509536 | G22: -4.2620063 | H22: -0.11873439 | I22: 6789.1207 | J22: 0.001832944 | K22: 51.623971 | L22: 214.56921 | M22: 66.175532 | N22: 202.64944 | O22: -0.27737927 | P22: 0.088401612 | Q22: -0.31668746 | R22: 0.90274855 | S22: -0.009029272 | T22: -0.060007424 | U22: 0.00384951 | V22: 48.781793 | W22: 7.1543353 | X22: 8.4338783 | Y22: 8.0927502 | Z22: 117.10465 | AA22: 56.765857 | AB22: ON | AC22: 24.637387 | AD22: NO_CONTACT | AE22: 100 | AF22: =TRUE() -> TRUE
A23: 2019-12-09T00:21:00Z | B23: ISS-25544 | C23: -2655.7833 | D23: 3291.3157 | E23: -5325.1973 | F23: -6.1637569 | G23: -4.5216485 | H23: 0.28653062 | I23: 6789.1412 | J23: 0.001797738 | K23: 51.624043 | L23: 214.56233 | M23: 68.494087 | N23: 204.20216 | O23: -0.28786378 | P23: 0.11882449 | Q23: -0.30714436 | R23: 0.899265 | S23: -0.012256058 | T23: -0.071054684 | U23: 0.001725879 | V23: 50.140236 | W23: 7.2122871 | X23: 9.0408568 | Y23: 8.6516176 | Z23: 119.53009 | AA23: 54.324831 | AB23: ON | AC23: 24.979619 | AD23: NO_CONTACT | AE23: 100 | AF23: =TRUE() -> TRUE
A24: 2019-12-09T00:22:00Z | B24: ISS-25544 | C24: -3019.2879 | D24: 3012.7384 | E24: -5295.8738 | F24: -5.9484922 | G24: -4.7607708 | H24: 0.69056046 | I24: 6789.2698 | J24: 0.001746455 | K24: 51.624476 | L24: 214.5555 | M24: 70.583468 | N24: 205.98442 | O24: -0.29802168 | P24: 0.14911519 | Q24: -0.29725047 | R24: 0.89475689 | S24: 0.002193825 | T24: -0.066717795 | U24: 0.011062887 | V24: 51.593901 | W24: 7.2439702 | X24: 9.6322755 | Y24: 9.7108373 | Z24: 124.73727 | AA24: 54.961357 | AB24: ON | AC24: 25.079996 | AD24: NO_CONTACT | AE24: 100 | AF24: =TRUE() -> TRUE
A25: 2019-12-09T00:23:00Z | B25: ISS-25544 | C25: -3369.0583 | D25: 2720.4569 | E25: -5242.3913 | F25: -5.7061179 | G25: -4.9782879 | H25: 1.0915296 | I25: 6789.5042 | J25: 0.001680369 | K25: 51.625263 | L25: 214.54878 | M25: 72.366916 | N25: 208.07301 | O25: -0.30784162 | P25: 0.17923947 | Q25: -0.28701689 | R25: 0.88922891 | S25: 0.016509279 | T25: -0.056041482 | U25: -0.001795192 | V25: 52.95505 | W25: 7.2464318 | X25: 9.0161832 | Y25: 9.9148476 | Z25: 121.28627 | AA25: 55.951112 | AB25: ON | AC25: 25.767878 | AD25: NO_CONTACT | AE25: 100 | AF25: =TRUE() -> TRUE
A26: 2019-12-09T00:24:00Z | B26: ISS-25544 | C26: -3703.4996 | D26: 2415.7975 | E26: -5164.9878 | F26: -5.4377131 | G26: -5.1732089 | H26: 1.487624 | I26: 6789.8402 | J26: 0.001601252 | K26: 51.626391 | L26: 214.54222 | M26: 73.749237 | N26: 210.56311 | O26: -0.31731257 | P26: 0.20916322 | Q26: -0.27645507 | R26: 0.88268685 | S26: -0.003946051 | T26: -0.06468062 | U26: -0.001634429 | V26: 54.293108 | W26: 7.28514 | X26: 8.8161327 | Y26: 10.712103 | Z26: 118.85044 | AA26: 54.623676 | AB26: ON | AC26: 25.730722 | AD26: NO_CONTACT | AE26: 100 | AF26: =TRUE() -> TRUE
A27: 2019-12-09T00:25:00Z | B27: ISS-25544 | C27: -4021.0854 | D27: 2100.1433 | E27: -5064.0099 | F27: -5.1444735 | G27: -5.3446416 | H27: 1.877049 | I27: 6790.2718 | J27: 0.00151146 | K27: 51.627837 | L27: 214.53588 | M27: 74.61042 | N27: 213.57476 | O27: -0.32642388 | P27: 0.2388525 | Q27: -0.26557687 | R27: 0.87513762 | S27: -0.000487184 | T27: -0.068864998 | U27: -0.012188131 | V27: 55.651824 | W27: 7.3485226 | X27: 8.8750354 | Y27: 10.661447 | Z27: 121.01272 | AA27: 55.794326 | AB27: ON | AC27: 25.703741 | AD27: NO_CONTACT | AE27: 100 | AF27: =TRUE() -> TRUE
A28: 2019-12-09T00:26:00Z | B28: ISS-25544 | C28: -4320.3642 | D28: 1774.9279 | E28: -4939.9109 | F28: -4.8277071 | G28: -5.4917965 | H28: 2.2580369 | I28: 6790.7912 | J28: 0.001414061 | K28: 51.629577 | L28: 214.52981 | M28: 74.79894 | N28: 217.25946 | O28: -0.33516528 | P28: 0.26827362 | Q28: -0.25439454 | R28: 0.86658925 | S28: -0.004841694 | T28: -0.066279796 | U28: 0.010027578 | V28: 56.935506 | W28: 7.3399243 | X28: 8.3947327 | Y28: 11.237564 | Z28: 117.36554 | AA28: 55.748841 | AB28: ON | AC28: 24.832938 | AD28: NO_CONTACT | AE28: 100 | AF28: =TRUE() -> TRUE
... A77: 2019-12-09T01:15:00Z | B77: ISS-25544 | C77: 5007.6247 | D77: -890.67427 | E77: 4498.8846 | F77: 3.9181788 | G77: 5.7523424 | H77: -3.2058253 | I77: 6792.5231 | J77: 0.001468541 | K77: 51.635357 | L77: 214.35587 | M77: 44.519651 | N77: 77.809639 | O77: -0.22385059 | P77: 0.83965682 | Q77: 0.35530875 | R77: -0.34441695 | S77: 0.005411316 | T77: -0.060802077 | U77: 0.004480994 | V77: 100 | W77: 8.3874482 | X77: 10.201023 | Y77: 20.910264 | Z77: 121.54623 | AA77: 35.985678 | AB77: STANDBY | AC77: 4.7112306 | AD77: NO_CONTACT | AE77: 100 | AF77: =TRUE() -> TRUE
A78: 2019-12-09T01:16:00Z | B78: ISS-25544 | C78: 5231.0853 | D78: -543.76034 | E78: 4296.3655 | F78: 3.527666 | G78: 5.8070528 | H78: -3.5422454 | I78: 6793.2769 | J78: 0.001516643 | K78: 51.637869 | L78: 214.35116 | M78: 48.47279 | N78: 77.738561 | O78: -0.21168335 | P78: 0.82753266 | Q78: 0.36264881 | R78: -0.37264689 | S78: 0.004463221 | T78: -0.068638948 | U78: -0.012826347 | V78: 99.286777 | W78: 8.3875882 | X78: -4.0815916 | Y78: 19.03763 | Z78: 0 | AA78: 34.234709 | AB78: STANDBY | AC78: 5.2690172 | AD78: NO_CONTACT | AE78: 100 | AF78: =FALSE() -> FALSE
A79: 2019-12-09T01:17:00Z | B79: ISS-25544 | C79: 5430.6222 | D79: -194.35958 | E79: 4074.1412 | F79: 3.1210266 | G79: 5.8352047 | H79: -3.8624133 | I79: 6794.0637 | J79: 0.001554809 | K79: 51.640492 | L79: 214.34691 | M79: 52.579194 | N79: 77.513384 | O79: -0.19927605 | P79: 0.81446153 | Q79: 0.36957392 | R79: -0.40044548 | S79: 0.000321077 | T79: -0.063250164 | U79: -0.006196659 | V79: 98.582756 | W79: 8.3950097 | X79: -4.0253706 | Y79: 17.553553 | Z79: 0.71382014 | AA79: 34.506845 | AB79: STANDBY | AC79: 5.1208223 | AD79: NO_CONTACT | AE79: 100 | AF79: =FALSE() -> FALSE
A80: 2019-12-09T01:18:00Z | B80: ISS-25544 | C80: 5605.3233 | D80: 155.93005 | E80: 3833.2313 | F80: 2.7001199 | G80: 5.8366702 | H80: -4.164862 | I80: 6794.869 | J80: 0.001582495 | K80: 51.643177 | L80: 214.34311 | M80: 56.785216 | N80: 77.187736 | O80: -0.18664318 | P80: 0.8004588 | Q80: 0.37607643 | R80: -0.42778096 | S80: -0.024127803 | T80: -0.056528564 | U80: 0.02549328 | V80: 97.877537 | W80: 8.3763137 | X80: -4.0412167 | Y80: 15.9637 | Z80: 0.47113629 | AA80: 34.321635 | AB80: STANDBY | AC80: 4.7332738 | AD80: NO_CONTACT | AE80: 100 | AF80: =FALSE() -> FALSE
A81: 2019-12-09T01:19:00Z | B81: ISS-25544 | C81: 5754.39 | D81: 505.50659 | E81: 3574.7408 | F81: 2.2668717 | G81: 5.8114435 | H81: -4.4482045 | I81: 6795.678 | J81: 0.001599261 | K81: 51.645875 | L81: 214.33977 | M81: 61.043764 | N81: 76.808692 | O81: -0.17379945 | P81: 0.78554086 | Q81: 0.38214915 | R81: -0.45462218 | S81: -0.01113388 | T81: -0.061673911 | U81: 0.005245074 | V81: 97.175014 | W81: 8.3264759 | X81: -4.0498643 | Y81: 14.708537 | Z81: 0 | AA81: 33.721097 | AB81: STANDBY | AC81: 4.031581 | AD81: NO_CONTACT | AE81: 100 | AF81: =FALSE() -> FALSE
A82: 2019-12-09T01:20:00Z | B82: ISS-25544 | C82: 5877.1411 | D82: 852.77135 | E82: 3299.8557 | F82: 1.8232654 | G82: 5.7596409 | H82: -4.7111409 | I82: 6796.4759 | J82: 0.00160476 | K82: 51.648536 | L82: 214.3369 | M82: 65.311814 | N82: 76.419273 | O82: -0.16075982 | P82: 0.76972517 | Q82: 0.38778541 | R82: -0.48093858 | S82: -0.001420032 | T82: -0.061484063 | U82: -0.017306716 | V82: 96.3958 | W82: 8.3169384 | X82: -4.4971216 | Y82: 13.471913 | Z82: 0 | AA82: 37.402283 | AB82: STANDBY | AC82: 5.3495984 | AD82: NO_CONTACT | AE82: 100 | AF82: =FALSE() -> FALSE
A83: 2019-12-09T01:21:00Z | B83: ISS-25544 | C83: 5973.0157 | D83: 1196.1363 | E83: 3009.8369 | F83: 1.3713334 | G83: 5.6815011 | H83: -4.9524644 | I83: 6797.248 | J83: 0.001598743 | K83: 51.651111 | L83: 214.33448 | M83: 69.548265 | N83: 76.060577 | O83: -0.14753943 | P83: 0.75303019 | Q83: 0.39297902 | R83: -0.50670025 | S83: -0.011037407 | T83: -0.06161305 | U83: 0.003194003 | V83: 95.635629 | W83: 8.2917716 | X83: -4.4005315 | Y83: 12.898684 | Z83: 0.1643907 | AA83: 36.652593 | AB83: STANDBY | AC83: 4.804768 | AD83: NO_CONTACT | AE83: 100 | AF83: =FALSE() -> FALSE
A84: 2019-12-09T01:22:00Z | B84: ISS-25544 | C84: 6041.5764 | D84: 1534.0315 | E84: 2706.0151 | F84: 0.91314749 | G84: 5.5773837 | H84: -5.1710673 | I84: 6797.9804 | J84: 0.001581062 | K84: 51.653555 | L84: 214.3325 | M84: 73.711918 | N84: 75.773812 | O84: -0.13415366 | P84: 0.73547538 | Q84: 0.39772429 | R84: -0.53187795 | S84: -0.000175628 | T84: -0.06905103 | U84: -0.003423409 | V84: 94.879353 | W84: 8.2706286 | X84: -4.3891726 | Y84: 11.346161 | Z84: 0 | AA84: 36.301217 | AB84: STANDBY | AC84: 5.0886981 | AD84: NO_CONTACT | AE84: 100 | AF84: =FALSE() -> FALSE
A85: 2019-12-09T01:23:00Z | B85: ISS-25544 | C85: 6082.5109 | D85: 1864.9119 | E85: 2389.784 | F85: 0.45080938 | G85: 5.4477688 | H85: -5.3659463 | I85: 6798.6595 | J85: 0.001551687 | K85: 51.655821 | L85: 214.33092 | M85: 77.759325 | N85: 75.60244 | O85: -0.12061802 | P85: 0.71708117 | Q85: 0.40201602 | R85: -0.55644317 | S85: -0.025647443 | T85: -0.060605024 | U85: 0.002723698 | V85: 94.201614 | W85: 8.2704801 | X85: -3.9334495 | Y85: 10.222037 | Z85: 0 | AA85: 32.531516 | AB85: STANDBY | AC85: 4.1471739 | AD85: NO_CONTACT | AE85: 100 | AF85: =FALSE() -> FALSE
A86: 2019-12-09T01:24:00Z | B86: ISS-25544 | C86: 6095.6335 | D86: 2187.2652 | E86: 2062.5946 | F86: -0.013559197 | G86: 5.2932538 | H86: -5.5362075 | I86: 6799.2731 | J86: 0.001510726 | K86: 51.657869 | L86: 214.32972 | M86: 81.642265 | N86: 75.594699 | O86: -0.10694818 | P86: 0.69786894 | Q86: 0.40584956 | R86: -0.58036812 | S86: 0.004201886 | T86: -0.062581995 | U86: -0.001669279 | V86: 93.468751 | W86: 8.250237 | X86: -4.2638039 | Y86: 10.025716 | Z86: 0 | AA86: 35.177393 | AB86: STANDBY | AC86: 4.3415849 | AD86: NO_CONTACT | AE86: 100 | AF86: =FALSE() -> FALSE
A87: 2019-12-09T01:25:00Z | B87: ISS-25544 | C87: 6080.8864 | D87: 2499.618 | E87: 1725.9477 | F87: -0.47782651 | G87: 5.1145518 | H87: -5.681071 | I87: 6799.8098 | J87: 0.001458461 | K87: 51.659662 | L87: 214.32884 | M87: 85.304532 | N87: 75.806824 | O87: -0.093159951 | P87: 0.67786098 | Q87: 0.40922075 | R87: -0.60362579 | S87: -0.004791032 | T87: -0.060558863 | U87: 0.014983744 | V87: 92.724012 | W87: 8.2149498 | X87: -4.3515167 | Y87: 8.9938078 | Z87: 0.81677587 | AA87: 36.564268 | AB87: STANDBY | AC87: 5.3125426 | AD87: NO_CONTACT | AE87: 100 | AF87: =FALSE() -> FALSE
A88: 2019-12-09T01:26:00Z | B88: ISS-25544 | C88: 6038.3397 | D88: 2800.5435 | E88: 1381.3879 | F88: -0.93986092 | G88: 4.912488 | H88: -5.7998746 | I88: 6800.26 | J88: 0.001395379 | K88: 51.661166 | L88: 214.32825 | M88: 88.677591 | N88: 76.307382 | O88: -0.079269245 | P88: 0.65708045 | Q88: 0.41212593 | R88: -0.62618997 | S88: -0.022517773 | T88: -0.068639991 | U88: -0.007824163 | V88: 91.992727 | W88: 8.2029102 | X88: -4.2791753 | Y88: 8.4297335 | Z88: 0 | AA88: 35.10169 | AB88: STANDBY | AC88: 4.7876131 | AD88: NO_CONTACT | AE88: 100 | AF88: =FALSE() -> FALSE
A89: 2019-12-09T01:27:00Z | B89: ISS-25544 | C89: 5968.1909 | D89: 3088.6672 | E89: 1030.4955 | F89: -1.3975412 | G89: 4.6879956 | H89: -5.8920771 | I89: 6800.6154 | J89: 0.001322238 | K89: 51.662355 | L89: 214.3279 | M89: 91.67449 | N89: 77.18336 | O89: 0.065292063 | P89: -0.63555139 | Q89: -0.414562 | R89: 0.64803528 | S89: -0.002450607 | T89: -0.069655477 | U89: -0.000569545 | V89: 91.292664 | W89: 8.1870018 | X89: -4.104436 | Y89: 7.9421366 | Z89: 0 | AA89: 33.603025 | AB89: STANDBY | AC89: 4.5181808 | AD89: NO_CONTACT | AE89: 100 | AF89: =FALSE() -> FALSE
... A108: 2019-12-09T01:46:00Z | B108: ISS-25544 | C108: 498.53536 | D108: 4867.8793 | E108: -4725.2135 | F108: -6.8393429 | G108: -2.0012672 | H108: -2.7790514 | I108: 6791.6793 | J108: 0.001622224 | K108: 51.632528 | L108: 214.29304 | M108: 48.707352 | N108: 193.66371 | O108: -0.19541575 | P108: -0.12142182 | Q108: -0.37139782 | R108: 0.89951825 | S108: 0.000310856 | T108: -0.063235872 | U108: 0.000139852 | V108: 70.4932 | W108: 7.6820418 | X108: -7.1755228 | Y108: -1.4658582 | Z108: 0 | AA108: 55.122666 | AB108: ON | AC108: 25.484499 | AD108: NO_CONTACT | AE108: 100 | AF108: =FALSE() -> FALSE
A109: 2019-12-09T01:47:00Z | B109: ISS-25544 | C109: 87.353388 | D109: 4736.8258 | E109: -4881.0548 | F109: -6.861563 | G109: -2.365527 | H109: -2.4136873 | I109: 6791.0509 | J109: 0.001700022 | K109: 51.630426 | L109: 214.28746 | M109: 51.106008 | N109: 195.13405 | O109: -0.20779247 | P109: -0.090999213 | Q109: -0.36460091 | R109: 0.90310996 | S109: -0.014422991 | T109: -0.064929778 | U109: 0.00083981 | V109: 71.90433 | W109: 7.7390354 | X109: 8.7522837 | Y109: -0.58717115 | Z109: 121.00975 | AA109: 53.275516 | AB109: ON | AC109: 25.212483 | AD109: NO_CONTACT | AE109: 100 | AF109: =TRUE() -> TRUE
A110: 2019-12-09T01:48:00Z | B110: ISS-25544 | C110: -324.22586 | D110: 4584.2327 | E110: -5014.6369 | F110: -6.8525809 | G110: -2.7189838 | H110: -2.0373638 | I110: 6790.4958 | J110: 0.001763299 | K110: 51.628569 | L110: 214.28153 | M110: 53.653461 | N110: 196.45587 | O110: -0.21993181 | P110: -0.060472105 | Q110: -0.35738916 | R110: 0.9056744 | S110: -0.000465873 | T110: -0.063251326 | U110: -0.010078929 | V110: 73.234458 | W110: 7.7494881 | X110: 8.2387559 | Y110: 0.36672517 | Z110: 117.91948 | AA110: 54.073341 | AB110: ON | AC110: 25.415516 | AD110: NO_CONTACT | AE110: 100 | AF110: =TRUE() -> TRUE
A111: 2019-12-09T01:49:00Z | B111: ISS-25544 | C111: -734.33096 | D111: 4410.7964 | E111: -5125.3534 | F111: -6.8124437 | G111: -3.0600471 | H111: -1.6517839 | I111: 6790.0241 | J111: 0.001810838 | K111: 51.626991 | L111: 214.27531 | M111: 56.286216 | N111: 197.69268 | O111: -0.23182026 | P111: -0.029874903 | Q111: -0.34977059 | R111: 0.90720857 | S111: -0.002209673 | T111: -0.065169485 | U111: -0.000279825 | V111: 74.672652 | W111: 7.7529718 | X111: 8.9041073 | Y111: 1.4446931 | Z111: 122.17285 | AA111: 53.139555 | AB111: ON | AC111: 25.031501 | AD111: NO_CONTACT | AE111: 100 | AF111: =TRUE() -> TRUE
A112: 2019-12-09T01:50:00Z | B112: ISS-25544 | C112: -1141.0975 | D112: 4217.3065 | E112: -5212.7008 | F112: -6.7413365 | G112: -3.3871826 | H112: -1.2586906 | I112: 6789.6442 | J112: 0.001841745 | K112: 51.625721 | L112: 214.26884 | M112: 58.949737 | N112: 198.89905 | O112: -0.24344462 | P112: 0.000757912 | Q112: -0.34175368 | R112: 0.90771062 | S112: 0.002889167 | T112: -0.058433074 | U112: -0.004313394 | V112: 76.054193 | W112: 7.8018612 | X112: 8.4997615 | Y112: 2.1444613 | Z112: 120.67668 | AA112: 54.36272 | AB112: ON | AC112: 25.473825 | AD112: NO_CONTACT | AE112: 100 | AF112: =TRUE() -> TRUE
A113: 2019-12-09T01:51:00Z | B113: ISS-25544 | C113: -1542.6762 | D113: 4004.6434 | E113: -5276.2815 | F113: -6.6395808 | G113: -3.6989184 | H113: -0.85985886 | I113: 6789.3631 | J113: 0.001855453 | K113: 51.624781 | L113: 214.26218 | M113: 61.594209 | N113: 200.1248 | O113: -0.25479197 | P113: 0.031391811 | Q113: -0.33334738 | R113: 0.90717977 | S113: 0.000385811 | T113: -0.066220558 | U113: 0.010493396 | V113: 77.287108 | W113: 7.843736 | X113: 7.5448656 | Y113: 3.0147217 | Z113: 112.4949 | AA113: 53.314967 | AB113: ON | AC113: 24.148004 | AD113: NO_CONTACT | AE113: 100 | AF113: =TRUE() -> TRUE
A114: 2019-12-09T01:52:00Z | B114: ISS-25544 | C114: -1937.2412 | D114: 3773.7735 | E114: -5315.8051 | F114: -6.5076334 | G114: -3.9938506 | H114: -0.45708866 | I114: 6789.1859 | J114: 0.001851731 | K114: 51.62419 | L114: 214.25539 | M114: 64.170992 | N114: 201.41859 | O114: -0.26584966 | P114: 0.061992252 | Q114: -0.32456105 | R114: 0.90561639 | S114: 0.001025532 | T114: -0.065401571 | U114: 0.015882761 | V114: 78.598029 | W114: 7.8556399 | X114: 8.0100708 | Y114: 4.0808931 | Z114: 117.97195 | AA114: 55.047717 | AB114: ON | AC114: 24.568841 | AD114: NO_CONTACT | AE114: 100 | AF114: =TRUE() -> TRUE
A115: 2019-12-09T01:53:00Z | B115: ISS-25544 | C115: -2322.9981 | D115: 3525.7453 | E115: -5331.0897 | F115: -6.3460838 | G115: -4.2706499 | H115: -0.05219728 | I115: 6789.1158 | J115: 0.001830703 | K115: 51.623958 | L115: 214.24853 | M115: 66.629356 | N115: 202.83116 | O115: -0.27660539 | P115: 0.092524714 | Q115: -0.31540449 | R115: 0.90302195 | S115: -0.010762452 | T115: -0.068424139 | U115: 0.003970333 | V115: 79.896543 | W115: 7.8919767 | X115: 7.8977248 | Y115: 4.9978243 | Z115: 118.13338 | AA115: 55.804718 | AB115: ON | AC115: 26.030149 | AD115: NO_CONTACT | AE115: 100 | AF115: =TRUE() -> TRUE
A116: 2019-12-09T01:54:00Z | B116: ISS-25544 | C116: -2698.1916 | D116: 3261.6846 | E116: -5322.0629 | F116: -6.1556524 | G116: -4.5280662 | H116: 0.35298815 | I116: 6789.1542 | J116: 0.001792863 | K116: 51.624089 | L116: 214.24166 | M116: 68.913112 | N116: 204.41871 | O116: -0.28704715 | P116: 0.12295473 | Q116: -0.30588793 | R116: 0.89939905 | S116: 0.005294134 | T116: -0.057847668 | U116: -0.018807984 | V116: 81.271344 | W116: 7.9736624 | X116: 8.2760495 | Y116: 6.2788236 | Z116: 121.66675 | AA116: 55.676321 | AB116: ON | AC116: 24.688916 | AD116: NO_CONTACT | AE116: 100 | AF116: =TRUE() -> TRUE
A117: 2019-12-09T01:55:00Z | B117: ISS-25544 | C117: -3061.1137 | D117: 2982.7898 | E117: -5288.7619 | F117: -5.9371872 | G117: -4.7649344 | H117: 0.75663821 | I117: 6789.3003 | J117: 0.001739114 | K117: 51.624581 | L117: 214.23484 | M117: 70.956816 | N117: 206.24669 | O117: -0.29716329 | P117: 0.15324791 | Q117: -0.296022 | R117: 0.89475138 | S117: 0.018821749 | T117: -0.065511322 | U117: 0.004137923 | V117: 82.612189 | W117: 7.9712635 | X117: 8.0740722 | Y117: 7.0150351 | Z117: 119.04628 | AA117: 54.685723 | AB117: ON | AC117: 24.566497 | AD117: NO_CONTACT | AE117: 100 | AF117: =TRUE() -> TRUE
A118: 2019-12-09T01:56:00Z | B118: ISS-25544 | C118: -3410.1109 | D118: 2690.3265 | E118: -5231.3335 | F118: -5.6916606 | G118: -4.980179 | H118: 1.1569288 | I118: 6789.5517 | J118: 0.001670805 | K118: 51.625426 | L118: 214.22814 | M118: 72.681223 | N118: 208.39436 | O118: -0.30694247 | P118: 0.18337 | Q118: -0.28581776 | R118: 0.88908378 | S118: 0.01647394 | T118: -0.063111031 | U118: 0.005895469 | V118: 83.950924 | W118: 8.0237887 | X118: 8.0086006 | Y118: 8.1138756 | Z118: 119.30319 | AA118: 55.043873 | AB118: ON | AC118: 25.037857 | AD118: NO_CONTACT | AE118: 100 | AF118: =TRUE() -> TRUE
A119: 2019-12-09T01:57:00Z | B119: ISS-25544 | C119: -3743.5917 | D119: 2385.6221 | E119: -5150.0339 | F119: -5.4201657 | G119: -5.1728188 | H119: 1.5520486 | I119: 6789.9039 | J119: 0.001589794 | K119: 51.626607 | L119: 214.22161 | M119: 73.987758 | N119: 210.96029 | O119: -0.31637371 | P119: 0.21328689 | Q119: -0.27528663 | R119: 0.8824022 | S119: 0.00886394 | T119: -0.062200268 | U119: 0.012003063 | V119: 85.214488 | W119: 8.0624671 | X119: 7.5226422 | Y119: 8.8716647 | Z119: 116.54741 | AA119: 55.896351 | AB119: ON | AC119: 24.956062 | AD119: NO_CONTACT | AE119: 100 | AF119: =TRUE() -> TRUE
A120: 2019-12-09T01:58:00Z | B120: ISS-25544 | C120: -4060.0338 | D120: 2070.0598 | E120: -5045.2271 | F120: -5.1239122 | G120: -5.3419716 | H120: 1.9402068 | I120: 6790.3504 | J120: 0.001498544 | K120: 51.628103 | L120: 214.21531 | M120: 74.752032 | N120: 214.06889 | O120: -0.32544642 | P120: 0.24296464 | Q120: -0.26444044 | R120: 0.8747137 | S120: -0.036484128 | T120: -0.073265041 | U120: 0.004517686 | V120: 86.583448 | W120: 8.0193909 | X120: 8.1938998 | Y120: 9.6429472 | Z120: 120.86808 | AA120: 55.157992 | AB120: ON | AC120: 24.822151 | AD120: NO_CONTACT | AE120: 100 | AF120: =TRUE() -> TRUE
... A170: 2019-12-09T02:48:00Z | B170: ISS-25544 | C170: 5041.1689 | D170: -862.0794 | E170: 4467.0122 | F170: 3.8873431 | G170: 5.7415638 | H170: -3.2621174 | I170: 6792.6431 | J170: 0.001478616 | K170: 51.63576 | L170: 214.03552 | M170: 45.259168 | N170: 77.707561 | O170: -0.22284254 | P170: 0.83872278 | Q170: 0.35420454 | R170: -0.34846011 | S170: -0.001091452 | T170: -0.065879403 | U170: 0.005622729 | V170: 100 | W170: 8.3853543 | X170: 9.5906554 | Y170: 21.11096 | Z170: 116.90281 | AA170: 36.481766 | AB170: STANDBY | AC170: 6.1549222 | AD170: NO_CONTACT | AE170: 100 | AF170: =TRUE() -> TRUE
A171: 2019-12-09T02:49:00Z | B171: ISS-25544 | C171: 5262.7039 | D171: -515.87708 | E171: 4261.1912 | F171: 3.4943426 | G171: 5.7941204 | H171: -3.5959749 | I171: 6793.4034 | J171: 0.00152531 | K171: 51.638294 | L171: 214.03088 | M171: 49.234172 | N171: 77.614506 | O171: -0.21071341 | P171: 0.82646238 | Q171: 0.36151128 | R171: -0.37665553 | S171: -0.005071053 | T171: -0.06665585 | U171: -0.002539627 | V171: 99.227307 | W171: 8.3907789 | X171: -4.4202414 | Y171: 19.542549 | Z171: 0 | AA171: 37.089268 | AB171: STANDBY | AC171: 5.1763136 | AD171: NO_CONTACT | AE171: 100 | AF171: =FALSE() -> FALSE
A172: 2019-12-09T02:50:00Z | B172: ISS-25544 | C172: 5460.1706 | D172: -167.31543 | E172: 4035.8262 | F172: 3.0853677 | G172: 5.8201775 | H172: -3.913334 | I172: 6794.1942 | J172: 0.00156197 | K172: 51.64093 | L172: 214.0267 | M172: 53.353448 | N172: 77.376341 | O172: -0.19834537 | P172: 0.8132563 | Q172: 0.3684044 | R172: -0.404415 | S172: 0.003769478 | T172: -0.07022781 | U172: 0.013286311 | V172: 98.524704 | W172: 8.3818329 | X172: -4.0235766 | Y172: 18.051515 | Z172: 0 | AA172: 33.724947 | AB172: STANDBY | AC172: 5.4581557 | AD172: NO_CONTACT | AE172: 100 | AF172: =FALSE() -> FALSE
A173: 2019-12-09T02:51:00Z | B173: ISS-25544 | C173: 5632.6662 | D173: 182.01142 | E173: 3791.9511 | F173: 2.6622886 | G173: 5.8196168 | H173: -4.21274 | I173: 6795.0011 | J173: 0.001588064 | K173: 51.64362 | L173: 214.02298 | M173: 57.564528 | N173: 77.045515 | O173: -0.18575284 | P173: 0.79912005 | Q173: 0.3748763 | R173: -0.43170683 | S173: -0.016052712 | T173: -0.064702852 | U173: 0.003645345 | V173: 97.84305 | W173: 8.3648156 | X173: -3.9115513 | Y173: 16.870396 | Z173: 1.245635 | AA173: 33.96504 | AB173: STANDBY | AC173: 5.4797953 | AD173: NO_CONTACT | AE173: 100 | AF173: =FALSE() -> FALSE
A174: 2019-12-09T02:52:00Z | B174: ISS-25544 | C174: 5779.4022 | D174: 530.50589 | E174: 3530.6848 | F174: 2.2270413 | G174: 5.7924417 | H174: -4.49282 | I174: 6795.8093 | J174: 0.001603165 | K174: 51.646315 | L174: 214.01972 | M174: 61.821082 | N174: 76.668343 | O174: -0.17295051 | P174: 0.78407018 | Q174: 0.38091983 | R174: -0.4584999 | S174: -0.02867055 | T174: -0.066157038 | U174: -0.00164651 | V174: 97.117554 | W174: 8.3602935 | X174: -4.1653785 | Y174: 15.994686 | Z174: 0.55607527 | AA174: 35.379862 | AB174: STANDBY | AC174: 5.0886307 | AD174: NO_CONTACT | AE174: 100 | AF174: =FALSE() -> FALSE
A175: 2019-12-09T02:53:00Z | B175: ISS-25544 | C175: 5899.708 | D175: 876.57425 | E175: 3253.2258 | F175: 1.7816186 | G175: 5.7387777 | H175: -4.752289 | I175: 6796.604 | J175: 0.00160694 | K175: 51.648966 | L175: 214.01692 | M175: 66.080497 | N175: 76.287435 | O175: -0.15995326 | P175: 0.7681243 | Q175: 0.38652833 | R175: -0.48476372 | S175: -0.009158235 | T175: -0.067918081 | U175: 0.014773936 | V175: 96.36139 | W175: 8.290942 | X175: -4.3777715 | Y175: 14.895872 | Z175: 0 | AA175: 36.295849 | AB175: STANDBY | AC175: 5.0470915 | AD175: NO_CONTACT | AE175: 100 | AF175: =FALSE() -> FALSE
A176: 2019-12-09T02:54:00Z | B176: ISS-25544 | C176: 5993.0341 | D176: 1218.634 | E176: 2960.8469 | F176: 1.3280615 | G176: 5.6588719 | H176: -4.9899559 | I176: 6797.3706 | J176: 0.001599152 | K176: 51.651523 | L176: 214.01458 | M176: 70.301768 | N176: 75.943795 | O176: -0.14677622 | P176: 0.75130102 | Q176: 0.39169564 | R176: -0.51046846 | S176: -0.001824998 | T176: -0.061669867 | U176: -0.014098194 | V176: 95.666393 | W176: 8.3332398 | X176: -4.0032315 | Y176: 13.931874 | Z176: 0 | AA176: 33.359888 | AB176: STANDBY | AC176: 5.2311062 | AD176: NO_CONTACT | AE176: 100 | AF176: =FALSE() -> FALSE
A177: 2019-12-09T02:55:00Z | B177: ISS-25544 | C177: 6058.9547 | D177: 1555.1209 | E177: 2654.8897 | F177: 0.86844951 | G177: 5.5530924 | H177: -5.2047298 | I177: 6798.0951 | J177: 0.001579671 | K177: 51.65394 | L177: 214.01266 | M177: 74.443467 | N177: 75.678862 | O177: -0.13343469 | P177: 0.73361994 | Q177: 0.39641612 | R177: -0.53558493 | S177: 0.006946706 | T177: -0.063257747 | U177: 0.006517481 | V177: 94.969488 | W177: 8.2694346 | X177: -4.0451868 | Y177: 12.661085 | Z177: 1.1825307 | AA177: 34.633938 | AB177: STANDBY | AC177: 4.8380076 | AD177: NO_CONTACT | AE177: 100 | AF177: =FALSE() -> FALSE
A178: 2019-12-09T02:56:00Z | B178: ISS-25544 | C178: 6097.1696 | D178: 1884.4968 | E178: 2336.7576 | F178: 0.40489113 | G178: 5.4219267 | H178: -5.3956251 | I178: 6798.7643 | J178: 0.001548486 | K178: 51.656174 | L178: 214.01115 | M178: 78.461551 | N178: 75.53669 | O178: -0.11994414 | P178: 0.71510166 | Q178: 0.40068459 | R178: -0.56008471 | S178: 0.012609373 | T178: -0.057688216 | U178: -0.008521588 | V178: 94.243702 | W178: 8.3064435 | X178: -4.1940635 | Y178: 11.157652 | Z178: 0 | AA178: 34.837751 | AB178: STANDBY | AC178: 5.2565999 | AD178: NO_CONTACT | AE178: 100 | AF178: =FALSE() -> FALSE
A179: 2019-12-09T02:57:00Z | B179: ISS-25544 | C179: 6107.5058 | D179: 2205.256 | E179: 2007.9104 | F179: -0.060486163 | G179: 5.2659799 | H179: -5.5617663 | I179: 6799.366 | J179: 0.001505733 | K179: 51.658182 | L179: 214.01 | M179: 82.306757 | N179: 75.566565 | O179: -0.10632019 | P179: 0.69576766 | Q179: 0.40449641 | R179: -0.58394009 | S179: -0.002094088 | T179: -0.062566535 | U179: 0.014011863 | V179: 93.530377 | W179: 8.2452895 | X179: -4.1526269 | Y179: 10.134601 | Z179: 2.2292736 | AA179: 36.468884 | AB179: STANDBY | AC179: 5.4977451 | AD179: NO_CONTACT | AE179: 100 | AF179: =FALSE() -> FALSE
A180: 2019-12-09T02:58:00Z | B180: ISS-25544 | C180: 6089.9182 | D180: 2515.9325 | E180: 1669.8566 | F180: -0.52554585 | G180: 5.0859718 | H180: -5.7023927 | I180: 6799.8891 | J180: 0.001451722 | K180: 51.659929 | L180: 214.00918 | M180: 85.921241 | N180: 75.826358 | O180: -0.092578578 | P180: 0.67564039 | Q180: 0.40784745 | R180: -0.60712414 | S180: 0.007454989 | T180: -0.065866384 | U180: -0.009289892 | V180: 92.797306 | W180: 8.2455584 | X180: -4.2674358 | Y180: 9.4242692 | Z180: 0.18131422 | AA180: 35.368705 | AB180: STANDBY | AC180: 4.5442782 | AD180: NO_CONTACT | AE180: 100 | AF180: =FALSE() -> FALSE
A181: 2019-12-09T02:59:00Z | B181: ISS-25544 | C181: 6044.49 | D181: 2815.1073 | E181: 1324.1471 | F181: -0.98815262 | G181: 4.8827336 | H181: -5.8168616 | I181: 6800.3242 | J181: 0.001386983 | K181: 51.661384 | L181: 214.00863 | M181: 89.234015 | N181: 76.38709 | O181: -0.078735173 | P181: 0.65474315 | Q181: 0.41073409 | R181: -0.62961074 | S181: -0.029556188 | T181: -0.070742139 | U181: 0.011208407 | V181: 92.080239 | W181: 8.2082568 | X181: -4.1932432 | Y181: 8.4210594 | Z181: 0 | AA181: 34.419217 | AB181: STANDBY | AC181: 4.1822684 | AD181: NO_CONTACT | AE181: 100 | AF181: =FALSE() -> FALSE
A182: 2019-12-09T03:00:00Z | B182: ISS-25544 | C182: 5971.4322 | D182: 3101.414 | E182: 972.36749 | F182: -1.4461825 | G182: 4.6572042 | H182: -5.9046522 | I182: 6800.6634 | J182: 0.001312324 | K182: 51.662518 | L182: 214.00831 | M182: 92.154533 | N182: 77.339344 | O182: 0.064805917 | P182: -0.63310011 | Q182: -0.41315321 | R182: 0.6513746 | S182: 0.002900404 | T182: -0.052871826 | U182: 0.015164401 | V182: 91.376289 | W182: 8.221805 | X182: -4.1097557 | Y182: 7.5567982 | Z182: 0 | AA182: 33.78961 | AB182: STANDBY | AC182: 5.1802958 | AD182: NO_CONTACT | AE182: 100 | AF182: =FALSE() -> FALSE
... A201: 2019-12-09T03:19:00Z | B201: ISS-25544 | C201: 458.14578 | D201: 4845.3919 | E201: -4752.3161 | F201: -6.8565075 | G201: -2.0235371 | H201: -2.7198763 | I201: 6791.5707 | J201: 0.001637634 | K201: 51.632167 | L201: 213.9726 | M201: 49.177653 | N201: 193.82879 | O201: -0.19495305 | P201: -0.11746642 | Q201: -0.36998425 | R201: 0.9007256 | S201: 0.002386008 | T201: -0.056741461 | U201: -0.010675938 | V201: 71.092987 | W201: 7.7152825 | X201: -7.1304172 | Y201: -1.771352 | Z201: 0 | AA201: 55.013182 | AB201: ON | AC201: 24.635211 | AD201: NO_CONTACT | AE201: 100 | AF201: =FALSE() -> FALSE
A202: 2019-12-09T03:20:00Z | B202: ISS-25544 | C202: 46.026575 | D202: 4713.0547 | E202: -4904.5481 | F202: -6.8756279 | G202: -2.3860315 | H202: -2.352599 | I202: 6790.9536 | J202: 0.001713251 | K202: 51.630103 | L202: 213.96696 | M202: 51.599184 | N202: 195.27628 | O202: -0.20728208 | P202: -0.087005404 | Q202: -0.36320363 | R202: 0.90418323 | S202: 0.013581211 | T202: -0.062098715 | U202: 0.00195263 | V202: 72.405577 | W202: 7.7092986 | X202: 8.1725088 | Y202: -0.67649104 | Z202: 119.8352 | AA202: 56.830885 | AB202: ON | AC202: 25.566345 | AD202: NO_CONTACT | AE202: 100 | AF202: =TRUE() -> TRUE
A203: 2019-12-09T03:21:00Z | B203: ISS-25544 | C203: -366.30197 | D203: 4559.2867 | E203: -5034.4144 | F203: -6.8634833 | G203: -2.7376324 | H203: -1.9746391 | I203: 6790.4116 | J203: 0.001774128 | K203: 51.62829 | L203: 213.96098 | M203: 54.159153 | N203: 196.58561 | O203: -0.21937435 | P203: -0.056444387 | Q203: -0.35600973 | R203: 0.90661237 | S203: 0.000785987 | T203: -0.068037208 | U203: 0.005321294 | V203: 73.744132 | W203: 7.7648117 | X203: 8.2745893 | Y203: 0.44455993 | Z203: 119.34695 | AA203: 55.096319 | AB203: ON | AC203: 24.8081 | AD203: NO_CONTACT | AE203: 100 | AF203: =TRUE() -> TRUE
A204: 2019-12-09T03:22:00Z | B204: ISS-25544 | C204: -776.96509 | D204: 4384.7891 | E204: -5141.3254 | F204: -6.820135 | G204: -3.0767576 | H204: -1.5877068 | I204: 6789.9544 | J204: 0.001819097 | K204: 51.62676 | L204: 213.95471 | M204: 56.795743 | N204: 197.81862 | O204: -0.23121643 | P204: -0.02581781 | Q204: -0.34841057 | R204: 0.90801018 | S204: 0.000465575 | T204: -0.060844106 | U204: 0.011755066 | V204: 75.292198 | W204: 7.791809 | X204: 9.5365807 | Y204: 1.6955527 | Z204: 128.74273 | AA204: 54.435519 | AB204: ON | AC204: 24.111507 | AD204: NO_CONTACT | AE204: 100 | AF204: =TRUE() -> TRUE
A205: 2019-12-09T03:23:00Z | B205: ISS-25544 | C205: -1184.0959 | D205: 4190.3567 | E205: -5224.7948 | F205: -6.7457818 | G205: -3.4018817 | H205: -1.1935506 | I205: 6789.5903 | J205: 0.001847314 | K205: 51.625543 | L205: 213.94821 | M205: 59.455368 | N205: 199.02891 | O205: -0.24279514 | P205: 0.004839811 | Q205: -0.3404146 | R205: 0.90837492 | S205: 0.010778434 | T205: -0.07075796 | U205: -0.008307699 | V205: 76.695439 | W205: 7.8724996 | X205: 8.5558004 | Y205: 2.8232937 | Z205: 120.57726 | AA205: 53.221728 | AB205: ON | AC205: 25.566026 | AD205: NO_CONTACT | AE205: 100 | AF205: =TRUE() -> TRUE
A206: 2019-12-09T03:24:00Z | B206: ISS-25544 | C206: -1585.8434 | D206: 3976.8736 | E206: -5284.4426 | F206: -6.6407596 | G206: -3.7115415 | H206: -0.79395021 | I206: 6789.3259 | J206: 0.001858266 | K206: 51.62466 | L206: 213.94152 | M206: 62.088576 | N206: 200.26596 | O206: -0.25409763 | P206: 0.03549392 | Q206: -0.33203074 | R206: 0.90770599 | S206: 0.009738191 | T206: -0.064620948 | U206: -0.002037819 | V206: 78.053007 | W206: 7.8949625 | X206: 8.2537777 | Y206: 3.2525629 | Z206: 120.43781 | AA206: 55.27455 | AB206: ON | AC206: 24.991481 | AD206: NO_CONTACT | AE206: 100 | AF206: =TRUE() -> TRUE
A207: 2019-12-09T03:25:00Z | B207: ISS-25544 | C207: -1980.3809 | D207: 3745.31 | E207: -5319.9961 | F207: -6.5055391 | G207: -4.0043426 | H207: -0.39070887 | I207: 6789.1661 | J207: 0.001851777 | K207: 51.624127 | L207: 213.93472 | M207: 64.646576 | N207: 201.57857 | O207: -0.26511131 | P207: 0.066109951 | Q207: -0.32326832 | R207: 0.9060039 | S207: 0.000534579 | T207: -0.065260484 | U207: 0.011695381 | V207: 79.360283 | W207: 7.9176147 | X207: 7.9252705 | Y207: 3.742303 | Z207: 115.58665 | AA207: 52.837416 | AB207: ON | AC207: 25.251524 | AD207: NO_CONTACT | AE207: 100 | AF207: =TRUE() -> TRUE
A208: 2019-12-09T03:26:00Z | B208: ISS-25544 | C208: -2365.9141 | D208: 3496.7173 | E208: -5331.2912 | F208: -6.3407245 | G208: -4.2789649 | H208: 0.014354049 | I208: 6789.1138 | J208: 0.001828027 | K208: 51.623955 | L208: 213.92785 | M208: 67.077984 | N208: 203.01814 | O208: -0.2758239 | P208: 0.096653364 | Q208: -0.31413713 | R208: 0.90327026 | S208: -0.0038563 | T208: -0.06584762 | U208: -0.015671771 | V208: 80.721068 | W208: 7.9627633 | X208: 8.2028944 | Y208: 4.816077 | Z208: 119.46403 | AA208: 54.146328 | AB208: ON | AC208: 24.652931 | AD208: NO_CONTACT | AE208: 100 | AF208: =TRUE() -> TRUE
A209: 2019-12-09T03:27:00Z | B209: ISS-25544 | C209: -2740.6886 | D209: 3232.224 | E209: -5318.2737 | F209: -6.1470501 | G209: -4.5341677 | H209: 0.41941055 | I209: 6789.17 | J209: 0.001787576 | K209: 51.624145 | L209: 213.92098 | M209: 69.325409 | N209: 204.64206 | O209: -0.28622346 | P209: 0.12708967 | Q209: -0.30464736 | R209: 0.89950783 | S209: -0.011001356 | T209: -0.065177896 | U209: 0.017982877 | V209: 82.102183 | W209: 7.9730248 | X209: 8.3147281 | Y209: 6.3913587 | Z209: 121.16542 | AA209: 54.871889 | AB209: ON | AC209: 24.120092 | AD209: NO_CONTACT | AE209: 100 | AF209: =TRUE() -> TRUE
A210: 2019-12-09T03:28:00Z | B210: ISS-25544 | C210: -3102.9982 | D210: 2953.0302 | E210: -5280.9987 | F210: -5.9253783 | G210: -4.7687956 | H210: 0.82263161 | I210: 6789.3337 | J210: 0.001731393 | K210: 51.624696 | L210: 213.91418 | M210: 71.321567 | N210: 206.51763 | O210: -0.29629838 | P210: 0.15738449 | Q210: -0.29480962 | R210: 0.89472045 | S210: -0.006986804 | T210: -0.065108849 | U210: -0.015980524 | V210: 83.533398 | W210: 8.0048415 | X210: 8.5820946 | Y210: 7.2563775 | Z210: 123.57417 | AA210: 54.875861 | AB210: ON | AC210: 24.651894 | AD210: NO_CONTACT | AE210: 100 | AF210: =TRUE() -> TRUE
A211: 2019-12-09T03:29:00Z | B211: ISS-25544 | C211: -3451.1919 | D211: 2660.4029 | E211: -5219.6311 | F211: -5.6766957 | G211: -4.9817828 | H211: 1.2221947 | I211: 6789.602 | J211: 0.001660905 | K211: 51.625597 | L211: 213.9075 | M211: 72.984605 | N211: 208.7267 | O211: -0.30603735 | P211: 0.18750353 | Q211: -0.28463492 | R211: 0.88891311 | S211: 0.00364525 | T211: -0.06828849 | U211: -0.002806004 | V211: 84.89606 | W211: 8.0052044 | X211: 8.170657 | Y211: 8.2901182 | Z211: 120.40537 | AA211: 54.997591 | AB211: ON | AC211: 25.22501 | AD211: NO_CONTACT | AE211: 100 | AF211: =TRUE() -> TRUE
A212: 2019-12-09T03:30:00Z | B212: ISS-25544 | C212: -3783.6817 | D212: 2355.6702 | E212: -5134.4447 | F212: -5.4021092 | G212: -5.1721579 | H212: 1.6162915 | I212: 6789.9701 | J212: 0.001578063 | K212: 51.626831 | L212: 213.90101 | M212: 74.21242 | N212: 211.3714 | O212: -0.31542946 | P212: 0.2174127 | Q212: -0.27413468 | R212: 0.88209192 | S212: 0.006402137 | T212: -0.067344737 | U212: 0.002479476 | V212: 86.178321 | W212: 8.0928481 | X212: 7.6052963 | Y212: 8.7837613 | Z212: 115.49799 | AA212: 53.949484 | AB212: ON | AC212: 24.487295 | AD212: NO_CONTACT | AE212: 100 | AF212: =TRUE() -> TRUE
A213: 2019-12-09T03:31:00Z | B213: ISS-25544 | C213: -4098.9496 | D213: 2040.2154 | E213: -5025.8213 | F213: -5.1028425 | G213: -5.3390483 | H213: 2.0031354 | I213: 6790.4314 | J213: 0.001485434 | K213: 51.628377 | L213: 213.89475 | M213: 74.876104 | N213: 214.58063 | O213: -0.32446413 | P213: 0.24707807 | Q213: -0.26332068 | R213: 0.87426408 | S213: -0.005318775 | T213: -0.070891868 | U213: 0.00410212 | V213: 87.525698 | W213: 8.0691662 | X213: 8.0149665 | Y213: 9.0299885 | Z213: 119.57581 | AA213: 54.901717 | AB213: ON | AC213: 25.436528 | AD213: NO_CONTACT | AE213: 100 | AF213: =TRUE() -> TRUE
... A263: 2019-12-09T04:21:00Z | B263: ISS-25544 | C263: 5074.5696 | D263: -833.77227 | E263: 4434.5839 | F263: 3.8560206 | G263: 5.7306034 | H263: -3.3180124 | I263: 6792.7644 | J263: 0.001488491 | K263: 51.636167 | L263: 213.71517 | M263: 46.001819 | N263: 77.602401 | O263: -0.22185172 | P263: 0.83776298 | Q263: 0.35309758 | R263: -0.35250121 | S263: 0.00818764 | T263: -0.064140303 | U263: 0.007846887 | V263: 100 | W263: 8.4125881 | X263: 9.8284799 | Y263: 19.954196 | Z263: 118.11197 | AA263: 35.429014 | AB263: STANDBY | AC263: 5.2339099 | AD263: NO_CONTACT | AE263: 100 | AF263: =TRUE() -> TRUE
A264: 2019-12-09T04:22:00Z | B264: ISS-25544 | C264: 5294.1503 | D264: -488.29178 | E264: 4225.486 | F264: 3.4605443 | G264: 5.7810285 | H264: -3.6492657 | I264: 6793.5307 | J264: 0.001533761 | K264: 51.638721 | L264: 213.71061 | M264: 49.997203 | N264: 77.488853 | O264: -0.20976079 | P264: 0.82536644 | Q264: 0.36037158 | R264: -0.38066124 | S264: -0.017144859 | T264: -0.068171431 | U264: 0.007718743 | V264: 99.335026 | W264: 8.4149105 | X264: -3.7931206 | Y264: 18.633484 | Z264: 0.87082277 | AA264: 32.789593 | AB264: STANDBY | AC264: 4.5977367 | AD264: NO_CONTACT | AE264: 100 | AF264: =FALSE() -> FALSE
A265: 2019-12-09T04:23:00Z | B265: ISS-25544 | C265: 5489.5187 | D265: -140.57811 | E265: 3997.0078 | F265: 3.0492481 | G265: 5.8050139 | H265: -3.9637762 | I265: 6794.3252 | J265: 0.001568898 | K265: 51.641369 | L265: 213.70651 | M265: 54.128076 | N265: 77.238974 | O265: -0.19743206 | P265: 0.81202553 | Q265: 0.36723331 | R265: -0.40838072 | S265: 0.002113865 | T265: -0.062638728 | U265: 0.00496343 | V265: 98.582008 | W265: 8.3450224 | X265: -4.3313066 | Y265: 17.062364 | Z265: 0 | AA265: 36.144851 | AB265: STANDBY | AC265: 4.7439693 | AD265: NO_CONTACT | AE265: 100 | AF265: =FALSE() -> FALSE
A266: 2019-12-09T04:24:00Z | B266: ISS-25544 | C266: 5659.7815 | D266: 207.77848 | E266: 3750.1975 | F266: 2.6240129 | G266: 5.8024507 | H266: -4.2601022 | I266: 6795.1333 | J266: 0.001593386 | K266: 51.644064 | L266: 213.70286 | M266: 58.343079 | N266: 76.904103 | O266: -0.18487993 | P266: 0.79775591 | Q266: 0.37367519 | R266: -0.43562803 | S266: 0.001075342 | T266: -0.06350399 | U266: 0.007725398 | V266: 97.859561 | W266: 8.3434453 | X266: -4.1562489 | Y266: 15.828055 | Z266: 0.91123805 | AA266: 35.588673 | AB266: STANDBY | AC266: 5.0992893 | AD266: NO_CONTACT | AE266: 100 | AF266: =FALSE() -> FALSE
A267: 2019-12-09T04:25:00Z | B267: ISS-25544 | C267: 5804.1607 | D267: 555.18483 | E267: 3486.1873 | F267: 2.1867849 | G267: 5.7733515 | H267: -4.5368846 | I267: 6795.9403 | J267: 0.00160681 | K267: 51.646755 | L267: 213.69968 | M267: 62.596588 | N267: 76.529855 | O267: -0.17211902 | P267: 0.78257429 | Q267: 0.37969011 | R267: -0.46237209 | S267: 0.001931816 | T267: -0.053535352 | U267: -0.005237728 | V267: 97.158356 | W267: 8.333154 | X267: -4.0390273 | Y267: 14.628247 | Z267: 0.55514568 | AA267: 34.212983 | AB267: STANDBY | AC267: 5.0221085 | AD267: NO_CONTACT | AE267: 100 | AF267: =FALSE() -> FALSE
A268: 2019-12-09T04:26:00Z | B268: ISS-25544 | C268: 5921.9963 | D268: 900.05221 | E268: 3206.1884 | F268: 1.7395662 | G268: 5.7178506 | H268: -4.7928535 | I268: 6796.7314 | J268: 0.001608849 | K268: 51.649393 | L268: 213.69696 | M268: 66.846349 | N268: 76.158476 | O268: -0.15916418 | P268: 0.76649842 | Q268: 0.38527145 | R268: -0.48858249 | S268: 0.003240892 | T268: -0.068550735 | U268: -0.003515247 | V268: 96.424816 | W268: 8.3609525 | X268: -4.211236 | Y268: 13.383423 | Z268: 0.42228902 | AA268: 35.632233 | AB268: STANDBY | AC268: 5.534231 | AD268: NO_CONTACT | AE268: 100 | AF268: =FALSE() -> FALSE
A269: 2019-12-09T04:27:00Z | B269: ISS-25544 | C269: 6012.7502 | D269: 1240.8036 | E269: 2911.4854 | F269: 1.2844064 | G269: 5.6362038 | H269: -5.0268339 | I269: 6797.492 | J269: 0.001599283 | K269: 51.651931 | L269: 213.69468 | M269: 71.051404 | N269: 75.830929 | O269: -0.14603047 | P269: 0.74954708 | Q269: 0.39041307 | R269: -0.51422944 | S269: -0.003321685 | T269: -0.051025945 | U269: 0.003942376 | V269: 95.685372 | W269: 8.3216312 | X269: -4.265187 | Y269: 12.285762 | Z269: 0.24893391 | AA269: 35.742247 | AB269: STANDBY | AC269: 5.423152 | AD269: NO_CONTACT | AE269: 100 | AF269: =FALSE() -> FALSE
A270: 2019-12-09T04:28:00Z | B270: ISS-25544 | C270: 6076.0084 | D270: 1575.8808 | E270: 2603.4303 | F270: 0.82339245 | G270: 5.5287872 | H270: -5.2377518 | I270: 6798.2083 | J270: 0.001577996 | K270: 51.654321 | L270: 213.69284 | M270: 75.170042 | N270: 75.588933 | O270: -0.13273315 | P270: 0.73174001 | Q270: 0.39510934 | R270: -0.53928386 | S270: 0.001273625 | T270: -0.064853212 | U270: 0.007314924 | V270: 94.983076 | W270: 8.2983252 | X270: -4.0622882 | Y270: 11.162161 | Z270: 0 | AA270: 33.710188 | AB270: STANDBY | AC270: 4.6528681 | AD270: NO_CONTACT | AE270: 100 | AF270: =FALSE() -> FALSE
A271: 2019-12-09T04:29:00Z | B271: ISS-25544 | C271: 6111.483 | D271: 1903.752 | E271: 2283.4365 | F271: 0.3586396 | G271: 5.3960961 | H271: -5.4246393 | I271: 6798.8672 | J271: 0.001545 | K271: 51.65652 | L271: 213.69139 | M271: 79.157564 | N271: 75.477202 | O271: -0.11928764 | P271: 0.71309793 | Q271: 0.39935514 | R271: -0.56371738 | S271: -0.008094537 | T271: -0.061138863 | U271: -0.007438609 | V271: 94.260441 | W271: 8.2742698 | X271: -4.1920933 | Y271: 10.303813 | Z271: 0 | AA271: 34.686511 | AB271: STANDBY | AC271: 4.4622139 | AD271: NO_CONTACT | AE271: 100 | AF271: =FALSE() -> FALSE
A272: 2019-12-09T04:30:00Z | B272: ISS-25544 | C272: 6119.0136 | D272: 2222.9185 | E272: 1952.972 | F272: -0.10771902 | G272: 5.2387427 | H272: -5.5866395 | I272: 6799.4567 | J272: 0.001500456 | K272: 51.658488 | L272: 213.6903 | M272: 82.963581 | N272: 75.546148 | O272: -0.10570949 | P272: 0.69364249 | Q272: 0.40314583 | R272: -0.58750237 | S272: 0.012472114 | T272: -0.05045465 | U272: -0.017092261 | V272: 93.513999 | W272: 8.2570044 | X272: -4.339247 | Y272: 9.57012 | Z272: 0 | AA272: 35.829182 | AB272: STANDBY | AC272: 4.5280232 | AD272: NO_CONTACT | AE272: 100 | AF272: =FALSE() -> FALSE
A273: 2019-12-09T04:31:00Z | B273: ISS-25544 | C273: 6098.568 | D273: 2531.9218 | E273: 1613.553 | F273: -0.5735423 | G273: 5.0574534 | H273: -5.7230108 | I273: 6799.966 | J273: 0.001444709 | K273: 51.660189 | L273: 213.68952 | M273: 86.528502 | N273: 75.855389 | O273: -0.09201441 | P273: 0.67339626 | Q273: 0.40647731 | R273: -0.610612 | S273: -0.012166037 | T273: -0.062835437 | U273: 0.000516983 | V273: 92.808977 | W273: 8.2058638 | X273: -4.1240135 | Y273: 8.6017181 | Z273: 0 | AA273: 33.841093 | AB273: STANDBY | AC273: 4.6919125 | AD273: NO_CONTACT | AE273: 100 | AF273: =FALSE() -> FALSE
A274: 2019-12-09T04:32:00Z | B274: ISS-25544 | C274: 6050.2427 | D274: 2829.3502 | E274: 1266.7364 | F274: -1.0366913 | G274: 4.8530657 | H274: -5.8331306 | I274: 6800.3859 | J274: 0.00137833 | K274: 51.661592 | L274: 213.68901 | M274: 89.778734 | N274: 76.478553 | O274: -0.078218194 | P274: 0.65238268 | Q274: 0.40934597 | R274: -0.63302024 | S274: 0.002344311 | T274: -0.073817098 | U274: -0.010023757 | V274: 92.07198 | W274: 8.2022593 | X274: -4.3129388 | Y274: 8.4079752 | Z274: 0.48102867 | AA274: 35.856871 | AB274: STANDBY | AC274: 5.2538642 | AD274: NO_CONTACT | AE274: 100 | AF274: =FALSE() -> FALSE
A275: 2019-12-09T04:33:00Z | B275: ISS-25544 | C275: 5974.2619 | D275: 3113.8458 | E275: 914.11305 | F275: -1.4950397 | G275: 4.6265238 | H275: -5.916498 | I275: 6800.7087 | J275: 0.00130218 | K275: 51.662672 | L275: 213.68872 | M275: 92.619924 | N275: 77.51003 | O275: 0.064336731 | P275: -0.63062605 | Q275: -0.41174873 | R275: 0.65470188 | S275: 0.005489829 | T275: -0.06086959 | U275: -0.009310735 | V275: 91.34517 | W275: 8.1829156 | X275: -4.263378 | Y275: 8.1908543 | Z275: 0 | AA275: 34.886862 | AB275: STANDBY | AC275: 5.0086673 | AD275: NO_CONTACT | AE275: 100 | AF275: =FALSE() -> FALSE
... A294: 2019-12-09T04:52:00Z | B294: ISS-25544 | C294: 417.45656 | D294: 4822.9111 | E294: -4778.8367 | F294: -6.8732907 | G294: -2.0454366 | H294: -2.6603623 | I294: 6791.4638 | J294: 0.001652715 | K294: 51.631813 | L294: 213.65215 | M294: 49.651495 | N294: 193.99039 | O294: -0.19447938 | P294: -0.11349998 | Q294: -0.36858419 | R294: 0.90190976 | S294: -0.001900717 | T294: -0.074905634 | U294: -0.001885861 | V294: 70.355316 | W294: 7.7054063 | X294: -6.9690453 | Y294: -1.7528241 | Z294: 2.7674359 | AA294: 56.466761 | AB294: ON | AC294: 25.417263 | AD294: NO_CONTACT | AE294: 100 | AF294: =FALSE() -> FALSE
A295: 2019-12-09T04:53:00Z | B295: ISS-25544 | C295: 4.4236606 | D295: 4689.3123 | E295: -4927.4404 | F295: -6.8892898 | G295: -2.4061674 | H295: -2.2912165 | I295: 6790.8583 | J295: 0.001726112 | K295: 51.629787 | L295: 213.64645 | M295: 52.094223 | N295: 195.41671 | O295: -0.20676118 | P295: -0.083001333 | Q295: -0.36182022 | R295: 0.90523297 | S295: 0.00749457 | T295: -0.061382768 | U295: 0.006216013 | V295: 71.773992 | W295: 7.7087404 | X295: 8.8336706 | Y295: -0.11457408 | Z295: 122.43521 | AA295: 54.338734 | AB295: ON | AC295: 24.5151 | AD295: NO_CONTACT | AE295: 100 | AF295: =TRUE() -> TRUE
A296: 2019-12-09T04:54:00Z | B296: ISS-25544 | C296: -408.6294 | D296: 4534.3913 | E296: -5053.5747 | F296: -6.873963 | G296: -2.7559157 | H296: -1.9116663 | I296: 6790.3296 | J296: 0.001784557 | K296: 51.628018 | L296: 213.64042 | M296: 54.665337 | N296: 196.71492 | O296: -0.21880687 | P296: -0.052407198 | Q296: -0.35464452 | R296: 0.90752648 | S296: 0.003239903 | T296: -0.058601699 | U296: 0.015713358 | V296: 73.148464 | W296: 7.7118343 | X296: 8.5549891 | Y296: 1.036179 | Z296: 119.88825 | AA296: 53.913594 | AB296: ON | AC296: 25.098778 | AD296: NO_CONTACT | AE296: 100 | AF296: =TRUE() -> TRUE
A297: 2019-12-09T04:55:00Z | B297: ISS-25544 | C297: -819.82463 | D297: 4358.8543 | E297: -5156.6667 | F297: -6.8273854 | G297: -3.093108 | H297: -1.5234286 | I297: 6789.8872 | J297: 0.001826932 | K297: 51.626538 | L297: 213.63411 | M297: 57.304575 | N297: 197.94532 | O297: -0.23060306 | P297: -0.021752051 | Q297: -0.34706509 | R297: 0.9087876 | S297: 0.014800992 | T297: -0.059057354 | U297: -0.00387788 | V297: 74.618491 | W297: 7.8004505 | X297: 9.0457946 | Y297: 2.8439414 | Z297: 124.71 | AA297: 54.148723 | AB297: ON | AC297: 24.500988 | AD297: NO_CONTACT | AE297: 100 | AF297: =TRUE() -> TRUE
A298: 2019-12-09T04:56:00Z | B298: ISS-25544 | C298: -1227.2927 | D298: 4163.5007 | E298: -5236.2476 | F298: -6.7497702 | G298: -3.4162273 | H298: -1.1282575 | I298: 6789.5391 | J298: 0.001852444 | K298: 51.625375 | L298: 213.62757 | M298: 59.9592 | N298: 199.16065 | O298: -0.24213664 | P298: 0.008929564 | Q298: -0.33909037 | R298: 0.90901476 | S298: 0.015929121 | T298: -0.066432799 | U298: -0.024392496 | V298: 75.93217 | W298: 7.8176034 | X298: 8.0659769 | Y298: 3.767311 | Z298: 117.3504 | AA298: 54.293793 | AB298: ON | AC298: 25.394454 | AD298: NO_CONTACT | AE298: 100 | AF298: =TRUE() -> TRUE
A299: 2019-12-09T04:57:00Z | B299: ISS-25544 | C299: -1629.1811 | D299: 3949.2186 | E299: -5291.9547 | F299: -6.6414673 | G299: -3.7238195 | H299: -0.72793708 | I299: 6789.2916 | J299: 0.001860633 | K299: 51.624548 | L299: 213.62086 | M299: 62.580041 | N299: 200.4101 | O299: -0.25339479 | P299: 0.039603061 | Q299: -0.33072923 | R299: 0.90820749 | S299: 0.007903406 | T299: -0.072327172 | U299: -0.005170142 | V299: 77.324258 | W299: 7.8540481 | X299: 8.5077419 | Y299: 4.5968342 | Z299: 121.51333 | AA299: 54.69312 | AB299: ON | AC299: 24.650489 | AD299: NO_CONTACT | AE299: 100 | AF299: =TRUE() -> TRUE
A300: 2019-12-09T04:58:00Z | B300: ISS-25544 | C300: -2023.6626 | D300: 3716.9817 | E300: -5323.5332 | F300: -6.5029619 | G300: -4.0144993 | H300: -0.32427365 | I300: 6789.1493 | J300: 0.001851379 | K300: 51.624074 | L300: 213.61404 | M300: 65.118081 | N300: 201.74271 | O300: -0.26436497 | P300: 0.070233853 | Q300: -0.32199101 | R300: 0.90636646 | S300: -0.000449952 | T300: -0.074469109 | U300: 0.007059697 | V300: 78.76109 | W300: 7.9036373 | X300: 8.7261043 | Y300: 5.8039209 | Z300: 122.05211 | AA300: 53.084151 | AB300: ON | AC300: 24.692958 | AD300: NO_CONTACT | AE300: 100 | AF300: =TRUE() -> TRUE
A301: 2019-12-09T04:59:00Z | B301: ISS-25544 | C301: -2408.9428 | D301: 3467.8444 | E301: -5330.8371 | F301: -6.3348722 | G301: -4.2869558 | H301: 0.080911497 | I301: 6789.1148 | J301: 0.001824919 | K301: 51.623961 | L301: 213.60717 | M301: 67.5212 | N301: 203.2106 | O301: -0.27503497 | P301: 0.10078738 | Q301: -0.31288544 | R301: 0.90349343 | S301: -0.001832976 | T301: -0.067886415 | U301: 0.005887033 | V301: 80.026786 | W301: 7.8974461 | X301: 7.6927908 | Y301: 6.4811518 | Z301: 115.02034 | AA301: 54.266936 | AB301: ON | AC301: 25.1544 | AD301: NO_CONTACT | AE301: 100 | AF301: =TRUE() -> TRUE
A302: 2019-12-09T05:00:00Z | B302: ISS-25544 | C302: -2783.2685 | D302: 3202.9375 | E302: -5313.8299 | F302: -6.1379471 | G302: -4.5399579 | H302: 0.48578972 | I302: 6789.1887 | J302: 0.001781879 | K302: 51.624211 | L302: 213.60031 | M302: 69.730716 | N302: 204.87247 | O302: -0.28539287 | P302: 0.13122914 | Q302: -0.3034227 | R302: 0.89959129 | S302: -0.016474963 | T302: -0.063210652 | U302: -0.003545875 | V302: 81.337005 | W302: 7.938137 | X302: 7.9225797 | Y302: 6.9973123 | Z302: 118.66179 | AA302: 55.771269 | AB302: ON | AC302: 25.490095 | AD302: NO_CONTACT | AE302: 100 | AF302: =TRUE() -> TRUE
...

Sheet Channel_Anomalies
A1: timestamp | B1: satellite_id | C1: temperature_anomaly | D1: battery_voltage_anomaly | E1: solar_power_anomaly
A2: 2019-12-09T00:00:00Z | B2: ISS-25544 | C2: 0 | D2: 0 | E2: 0
A3: 2019-12-09T00:01:00Z | B3: ISS-25544 | C3: 0 | D3: 0 | E3: 0
A4: 2019-12-09T00:02:00Z | B4: ISS-25544 | C4: 0 | D4: 0 | E4: 0
A5: 2019-12-09T00:03:00Z | B5: ISS-25544 | C5: 0 | D5: 0 | E5: 0
A6: 2019-12-09T00:04:00Z | B6: ISS-25544 | C6: 0 | D6: 0 | E6: 0
A7: 2019-12-09T00:05:00Z | B7: ISS-25544 | C7: 0 | D7: 0 | E7: 0
A8: 2019-12-09T00:06:00Z | B8: ISS-25544 | C8: 0 | D8: 0 | E8: 0
A9: 2019-12-09T00:07:00Z | B9: ISS-25544 | C9: 0 | D9: 0 | E9: 0
A10: 2019-12-09T00:08:00Z | B10: ISS-25544 | C10: 0 | D10: 0 | E10: 0
A11: 2019-12-09T00:09:00Z | B11: ISS-25544 | C11: 0 | D11: 0 | E11: 0
A12: 2019-12-09T00:10:00Z | B12: ISS-25544 | C12: 0 | D12: 0 | E12: 0
A13: 2019-12-09T00:11:00Z | B13: ISS-25544 | C13: 0 | D13: 0 | E13: 0
... A4321: 2019-12-11T23:59:00Z | B4321: ISS-25544 | C4321: 0 | D4321: 0 | E4321: 0

Sheet Twin_Derived
A1: timestamp | B1: satellite_id | C1: battery_health | D1: thermal_health | E1: power_health | F1: payload_health | G1: anomaly_flag | H1: anomaly_parameter | I1: anomaly_confidence | J1: health_score | K1: risk_level | L1: twin_state_id | M1: source_row_index | N1: sync_status | O1: state_confidence
A2: =Telemetry!A2 -> 2019-12-09T00:00:00Z | B2: =Telemetry!B2 -> ISS-25544 | C2: =Telemetry!V2 -> 58.855714 | D2: =MAX(0,MIN(100,100-ABS(Telemetry!Y2-20)*3)) -> 79.794068 | E2: =MAX(0,MIN(100,100-ABS(Telemetry!AA2-90)*1.2)) -> 58.276551 | F2: =IF(Telemetry!AB2="ON",95,100) -> 95 | G2: =IF(OR(Channel_Anomalies!C2=1,Channel_Anomalies!D2=1,Channel_Anomalies!E2=1),1,0) -> 0 | H2: =IF(Channel_Anomalies!C2=1,"temperature",IF(Channel_Anomalies!D2=1,"battery_voltage",IF(Channel_Anomalies!E2=1,"solar_power_input",""))) | I2: =IF(Channel_Anomalies!C2=1,0.9,IF(Channel_Anomalies!D2=1,0.85,IF(Channel_Anomalies!E2=1,0.75,0))) -> 0 | J2: =MAX(0,MIN(100,0.35*C2+0.25*D2+0.25*E2+0.15*F2-IF(G2=1,12,0))) -> 69.367155 | K2: =IF(J2<40,"CRITICAL",IF(J2<60,"HIGH",IF(J2<80,"MED","LOW"))) -> MED | L2: ="TWIN-"&TEXT(M2,"000000") -> TWIN-000000 | M2: =ROW()-2 -> 0 | N2: LIVE_REPLAY | O2: 1
A3: =Telemetry!A3 -> 2019-12-09T00:01:00Z | B3: =Telemetry!B3 -> ISS-25544 | C3: =Telemetry!V3 -> 57.700445 | D3: =MAX(0,MIN(100,100-ABS(Telemetry!Y3-20)*3)) -> 76.663793 | E3: =MAX(0,MIN(100,100-ABS(Telemetry!AA3-90)*1.2)) -> 58.543451 | F3: =IF(Telemetry!AB3="ON",95,100) -> 95 | G3: =IF(OR(Channel_Anomalies!C3=1,Channel_Anomalies!D3=1,Channel_Anomalies!E3=1),1,0) -> 0 | H3: =IF(Channel_Anomalies!C3=1,"temperature",IF(Channel_Anomalies!D3=1,"battery_voltage",IF(Channel_Anomalies!E3=1,"solar_power_input",""))) | I3: =IF(Channel_Anomalies!C3=1,0.9,IF(Channel_Anomalies!D3=1,0.85,IF(Channel_Anomalies!E3=1,0.75,0))) -> 0 | J3: =MAX(0,MIN(100,0.35*C3+0.25*D3+0.25*E3+0.15*F3-IF(G3=1,12,0))) -> 68.246967 | K3: =IF(J3<40,"CRITICAL",IF(J3<60,"HIGH",IF(J3<80,"MED","LOW"))) -> MED | L3: ="TWIN-"&TEXT(M3,"000000") -> TWIN-000001 | M3: =ROW()-2 -> 1 | N3: LIVE_REPLAY | O3: 1
A4: =Telemetry!A4 -> 2019-12-09T00:02:00Z | B4: =Telemetry!B4 -> ISS-25544 | C4: =Telemetry!V4 -> 56.241482 | D4: =MAX(0,MIN(100,100-ABS(Telemetry!Y4-20)*3)) -> 73.464227 | E4: =MAX(0,MIN(100,100-ABS(Telemetry!AA4-90)*1.2)) -> 76.478811 | F4: =IF(Telemetry!AB4="ON",95,100) -> 95 | G4: =IF(OR(Channel_Anomalies!C4=1,Channel_Anomalies!D4=1,Channel_Anomalies!E4=1),1,0) -> 0 | H4: =IF(Channel_Anomalies!C4=1,"temperature",IF(Channel_Anomalies!D4=1,"battery_voltage",IF(Channel_Anomalies!E4=1,"solar_power_input",""))) | I4: =IF(Channel_Anomalies!C4=1,0.9,IF(Channel_Anomalies!D4=1,0.85,IF(Channel_Anomalies!E4=1,0.75,0))) -> 0 | J4: =MAX(0,MIN(100,0.35*C4+0.25*D4+0.25*E4+0.15*F4-IF(G4=1,12,0))) -> 71.420278 | K4: =IF(J4<40,"CRITICAL",IF(J4<60,"HIGH",IF(J4<80,"MED","LOW"))) -> MED | L4: ="TWIN-"&TEXT(M4,"000000") -> TWIN-000002 | M4: =ROW()-2 -> 2 | N4: LIVE_REPLAY | O4: 1
A5: =Telemetry!A5 -> 2019-12-09T00:03:00Z | B5: =Telemetry!B5 -> ISS-25544 | C5: =Telemetry!V5 -> 54.775727 | D5: =MAX(0,MIN(100,100-ABS(Telemetry!Y5-20)*3)) -> 70.962475 | E5: =MAX(0,MIN(100,100-ABS(Telemetry!AA5-90)*1.2)) -> 76.427491 | F5: =IF(Telemetry!AB5="ON",95,100) -> 95 | G5: =IF(OR(Channel_Anomalies!C5=1,Channel_Anomalies!D5=1,Channel_Anomalies!E5=1),1,0) -> 0 | H5: =IF(Channel_Anomalies!C5=1,"temperature",IF(Channel_Anomalies!D5=1,"battery_voltage",IF(Channel_Anomalies!E5=1,"solar_power_input",""))) | I5: =IF(Channel_Anomalies!C5=1,0.9,IF(Channel_Anomalies!D5=1,0.85,IF(Channel_Anomalies!E5=1,0.75,0))) -> 0 | J5: =MAX(0,MIN(100,0.35*C5+0.25*D5+0.25*E5+0.15*F5-IF(G5=1,12,0))) -> 70.268996 | K5: =IF(J5<40,"CRITICAL",IF(J5<60,"HIGH",IF(J5<80,"MED","LOW"))) -> MED | L5: ="TWIN-"&TEXT(M5,"000000") -> TWIN-000003 | M5: =ROW()-2 -> 3 | N5: LIVE_REPLAY | O5: 1
A6: =Telemetry!A6 -> 2019-12-09T00:04:00Z | B6: =Telemetry!B6 -> ISS-25544 | C6: =Telemetry!V6 -> 53.313037 | D6: =MAX(0,MIN(100,100-ABS(Telemetry!Y6-20)*3)) -> 68.111798 | E6: =MAX(0,MIN(100,100-ABS(Telemetry!AA6-90)*1.2)) -> 76.250912 | F6: =IF(Telemetry!AB6="ON",95,100) -> 95 | G6: =IF(OR(Channel_Anomalies!C6=1,Channel_Anomalies!D6=1,Channel_Anomalies!E6=1),1,0) -> 0 | H6: =IF(Channel_Anomalies!C6=1,"temperature",IF(Channel_Anomalies!D6=1,"battery_voltage",IF(Channel_Anomalies!E6=1,"solar_power_input",""))) | I6: =IF(Channel_Anomalies!C6=1,0.9,IF(Channel_Anomalies!D6=1,0.85,IF(Channel_Anomalies!E6=1,0.75,0))) -> 0 | J6: =MAX(0,MIN(100,0.35*C6+0.25*D6+0.25*E6+0.15*F6-IF(G6=1,12,0))) -> 69.000241 | K6: =IF(J6<40,"CRITICAL",IF(J6<60,"HIGH",IF(J6<80,"MED","LOW"))) -> MED | L6: ="TWIN-"&TEXT(M6,"000000") -> TWIN-000004 | M6: =ROW()-2 -> 4 | N6: LIVE_REPLAY | O6: 1
A7: =Telemetry!A7 -> 2019-12-09T00:05:00Z | B7: =Telemetry!B7 -> ISS-25544 | C7: =Telemetry!V7 -> 51.878395 | D7: =MAX(0,MIN(100,100-ABS(Telemetry!Y7-20)*3)) -> 65.611226 | E7: =MAX(0,MIN(100,100-ABS(Telemetry!AA7-90)*1.2)) -> 75.527281 | F7: =IF(Telemetry!AB7="ON",95,100) -> 95 | G7: =IF(OR(Channel_Anomalies!C7=1,Channel_Anomalies!D7=1,Channel_Anomalies!E7=1),1,0) -> 0 | H7: =IF(Channel_Anomalies!C7=1,"temperature",IF(Channel_Anomalies!D7=1,"battery_voltage",IF(Channel_Anomalies!E7=1,"solar_power_input",""))) | I7: =IF(Channel_Anomalies!C7=1,0.9,IF(Channel_Anomalies!D7=1,0.85,IF(Channel_Anomalies!E7=1,0.75,0))) -> 0 | J7: =MAX(0,MIN(100,0.35*C7+0.25*D7+0.25*E7+0.15*F7-IF(G7=1,12,0))) -> 67.692065 | K7: =IF(J7<40,"CRITICAL",IF(J7<60,"HIGH",IF(J7<80,"MED","LOW"))) -> MED | L7: ="TWIN-"&TEXT(M7,"000000") -> TWIN-000005 | M7: =ROW()-2 -> 5 | N7: LIVE_REPLAY | O7: 1
A8: =Telemetry!A8 -> 2019-12-09T00:06:00Z | B8: =Telemetry!B8 -> ISS-25544 | C8: =Telemetry!V8 -> 50.427479 | D8: =MAX(0,MIN(100,100-ABS(Telemetry!Y8-20)*3)) -> 61.819224 | E8: =MAX(0,MIN(100,100-ABS(Telemetry!AA8-90)*1.2)) -> 76.387491 | F8: =IF(Telemetry!AB8="ON",95,100) -> 95 | G8: =IF(OR(Channel_Anomalies!C8=1,Channel_Anomalies!D8=1,Channel_Anomalies!E8=1),1,0) -> 0 | H8: =IF(Channel_Anomalies!C8=1,"temperature",IF(Channel_Anomalies!D8=1,"battery_voltage",IF(Channel_Anomalies!E8=1,"solar_power_input",""))) | I8: =IF(Channel_Anomalies!C8=1,0.9,IF(Channel_Anomalies!D8=1,0.85,IF(Channel_Anomalies!E8=1,0.75,0))) -> 0 | J8: =MAX(0,MIN(100,0.35*C8+0.25*D8+0.25*E8+0.15*F8-IF(G8=1,12,0))) -> 66.451296 | K8: =IF(J8<40,"CRITICAL",IF(J8<60,"HIGH",IF(J8<80,"MED","LOW"))) -> MED | L8: ="TWIN-"&TEXT(M8,"000000") -> TWIN-000006 | M8: =ROW()-2 -> 6 | N8: LIVE_REPLAY | O8: 1
A9: =Telemetry!A9 -> 2019-12-09T00:07:00Z | B9: =Telemetry!B9 -> ISS-25544 | C9: =Telemetry!V9 -> 48.971611 | D9: =MAX(0,MIN(100,100-ABS(Telemetry!Y9-20)*3)) -> 58.01368 | E9: =MAX(0,MIN(100,100-ABS(Telemetry!AA9-90)*1.2)) -> 75.857967 | F9: =IF(Telemetry!AB9="ON",95,100) -> 95 | G9: =IF(OR(Channel_Anomalies!C9=1,Channel_Anomalies!D9=1,Channel_Anomalies!E9=1),1,0) -> 0 | H9: =IF(Channel_Anomalies!C9=1,"temperature",IF(Channel_Anomalies!D9=1,"battery_voltage",IF(Channel_Anomalies!E9=1,"solar_power_input",""))) | I9: =IF(Channel_Anomalies!C9=1,0.9,IF(Channel_Anomalies!D9=1,0.85,IF(Channel_Anomalies!E9=1,0.75,0))) -> 0 | J9: =MAX(0,MIN(100,0.35*C9+0.25*D9+0.25*E9+0.15*F9-IF(G9=1,12,0))) -> 64.857976 | K9: =IF(J9<40,"CRITICAL",IF(J9<60,"HIGH",IF(J9<80,"MED","LOW"))) -> MED | L9: ="TWIN-"&TEXT(M9,"000000") -> TWIN-000007 | M9: =ROW()-2 -> 7 | N9: LIVE_REPLAY | O9: 1
A10: =Telemetry!A10 -> 2019-12-09T00:08:00Z | B10: =Telemetry!B10 -> ISS-25544 | C10: =Telemetry!V10 -> 47.839596 | D10: =MAX(0,MIN(100,100-ABS(Telemetry!Y10-20)*3)) -> 56.685174 | E10: =MAX(0,MIN(100,100-ABS(Telemetry!AA10-90)*1.2)) -> 58.057538 | F10: =IF(Telemetry!AB10="ON",95,100) -> 95 | G10: =IF(OR(Channel_Anomalies!C10=1,Channel_Anomalies!D10=1,Channel_Anomalies!E10=1),1,0) -> 0 | H10: =IF(Channel_Anomalies!C10=1,"temperature",IF(Channel_Anomalies!D10=1,"battery_voltage",IF(Channel_Anomalies!E10=1,"solar_power_input",""))) | I10: =IF(Channel_Anomalies!C10=1,0.9,IF(Channel_Anomalies!D10=1,0.85,IF(Channel_Anomalies!E10=1,0.75,0))) -> 0 | J10: =MAX(0,MIN(100,0.35*C10+0.25*D10+0.25*E10+0.15*F10-IF(G10=1,12,0))) -> 59.679537 | K10: =IF(J10<40,"CRITICAL",IF(J10<60,"HIGH",IF(J10<80,"MED","LOW"))) -> HIGH | L10: ="TWIN-"&TEXT(M10,"000000") -> TWIN-000008 | M10: =ROW()-2 -> 8 | N10: LIVE_REPLAY | O10: 1
A11: =Telemetry!A11 -> 2019-12-09T00:09:00Z | B11: =Telemetry!B11 -> ISS-25544 | C11: =Telemetry!V11 -> 46.685617 | D11: =MAX(0,MIN(100,100-ABS(Telemetry!Y11-20)*3)) -> 54.266388 | E11: =MAX(0,MIN(100,100-ABS(Telemetry!AA11-90)*1.2)) -> 58.469207 | F11: =IF(Telemetry!AB11="ON",95,100) -> 95 | G11: =IF(OR(Channel_Anomalies!C11=1,Channel_Anomalies!D11=1,Channel_Anomalies!E11=1),1,0) -> 0 | H11: =IF(Channel_Anomalies!C11=1,"temperature",IF(Channel_Anomalies!D11=1,"battery_voltage",IF(Channel_Anomalies!E11=1,"solar_power_input",""))) | I11: =IF(Channel_Anomalies!C11=1,0.9,IF(Channel_Anomalies!D11=1,0.85,IF(Channel_Anomalies!E11=1,0.75,0))) -> 0 | J11: =MAX(0,MIN(100,0.35*C11+0.25*D11+0.25*E11+0.15*F11-IF(G11=1,12,0))) -> 58.773865 | K11: =IF(J11<40,"CRITICAL",IF(J11<60,"HIGH",IF(J11<80,"MED","LOW"))) -> HIGH | L11: ="TWIN-"&TEXT(M11,"000000") -> TWIN-000009 | M11: =ROW()-2 -> 9 | N11: LIVE_REPLAY | O11: 1
A12: =Telemetry!A12 -> 2019-12-09T00:10:00Z | B12: =Telemetry!B12 -> ISS-25544 | C12: =Telemetry!V12 -> 45.563758 | D12: =MAX(0,MIN(100,100-ABS(Telemetry!Y12-20)*3)) -> 51.276813 | E12: =MAX(0,MIN(100,100-ABS(Telemetry!AA12-90)*1.2)) -> 57.16718 | F12: =IF(Telemetry!AB12="ON",95,100) -> 95 | G12: =IF(OR(Channel_Anomalies!C12=1,Channel_Anomalies!D12=1,Channel_Anomalies!E12=1),1,0) -> 0 | H12: =IF(Channel_Anomalies!C12=1,"temperature",IF(Channel_Anomalies!D12=1,"battery_voltage",IF(Channel_Anomalies!E12=1,"solar_power_input",""))) | I12: =IF(Channel_Anomalies!C12=1,0.9,IF(Channel_Anomalies!D12=1,0.85,IF(Channel_Anomalies!E12=1,0.75,0))) -> 0 | J12: =MAX(0,MIN(100,0.35*C12+0.25*D12+0.25*E12+0.15*F12-IF(G12=1,12,0))) -> 57.308314 | K12: =IF(J12<40,"CRITICAL",IF(J12<60,"HIGH",IF(J12<80,"MED","LOW"))) -> HIGH | L12: ="TWIN-"&TEXT(M12,"000000") -> TWIN-000010 | M12: =ROW()-2 -> 10 | N12: LIVE_REPLAY | O12: 1
A13: =Telemetry!A13 -> 2019-12-09T00:11:00Z | B13: =Telemetry!B13 -> ISS-25544 | C13: =Telemetry!V13 -> 44.409427 | D13: =MAX(0,MIN(100,100-ABS(Telemetry!Y13-20)*3)) -> 49.132004 | E13: =MAX(0,MIN(100,100-ABS(Telemetry!AA13-90)*1.2)) -> 59.066381 | F13: =IF(Telemetry!AB13="ON",95,100) -> 95 | G13: =IF(OR(Channel_Anomalies!C13=1,Channel_Anomalies!D13=1,Channel_Anomalies!E13=1),1,0) -> 0 | H13: =IF(Channel_Anomalies!C13=1,"temperature",IF(Channel_Anomalies!D13=1,"battery_voltage",IF(Channel_Anomalies!E13=1,"solar_power_input",""))) | I13: =IF(Channel_Anomalies!C13=1,0.9,IF(Channel_Anomalies!D13=1,0.85,IF(Channel_Anomalies!E13=1,0.75,0))) -> 0 | J13: =MAX(0,MIN(100,0.35*C13+0.25*D13+0.25*E13+0.15*F13-IF(G13=1,12,0))) -> 56.842896 | K13: =IF(J13<40,"CRITICAL",IF(J13<60,"HIGH",IF(J13<80,"MED","LOW"))) -> HIGH | L13: ="TWIN-"&TEXT(M13,"000000") -> TWIN-000011 | M13: =ROW()-2 -> 11 | N13: LIVE_REPLAY | O13: 1
... A4321: =Telemetry!A4321 -> 2019-12-11T23:59:00Z | B4321: =Telemetry!B4321 -> ISS-25544 | C4321: =Telemetry!V4321 -> 100 | D4321: =MAX(0,MIN(100,100-ABS(Telemetry!Y4321-20)*3)) -> 96.27315 | E4321: =MAX(0,MIN(100,100-ABS(Telemetry!AA4321-90)*1.2)) -> 32.892416 | F4321: =IF(Telemetry!AB4321="ON",95,100) -> 100 | G4321: =IF(OR(Channel_Anomalies!C4321=1,Channel_Anomalies!D4321=1,Channel_Anomalies!E4321=1),1,0) -> 0 | H4321: =IF(Channel_Anomalies!C4321=1,"temperature",IF(Channel_Anomalies!D4321=1,"battery_voltage",IF(Channel_Anomalies!E4321=1,"solar_power_input",""))) | I4321: =IF(Channel_Anomalies!C4321=1,0.9,IF(Channel_Anomalies!D4321=1,0.85,IF(Channel_Anomalies!E4321=1,0.75,0))) -> 0 | J4321: =MAX(0,MIN(100,0.35*C4321+0.25*D4321+0.25*E4321+0.15*F4321-IF(G4321=1,12,0))) -> 82.291391 | K4321: =IF(J4321<40,"CRITICAL",IF(J4321<60,"HIGH",IF(J4321<80,"MED","LOW"))) -> LOW | L4321: ="TWIN-"&TEXT(M4321,"000000") -> TWIN-004319 | M4321: =ROW()-2 -> 4319 | N4321: LIVE_REPLAY | O4321: 1

Sheet Legend
A1: Twin_Derived — formula assumptions
A2: Field | B2: Formula / assumption (source: COSMOS_Digital_Twin_Spec.md health engine section)
A3: battery_health | B3: Uses Telemetry battery_percentage directly (already 0-100 scale).
A4: thermal_health | B4: 100 - |temperature - 20°C| x 3, clipped 0-100. 20°C treated as ideal operating temperature; project assumption, not a datasheet spec — tune per actual subsystem thermal limits.
A5: power_health | B5: 100 - |power_draw - 90W| x 1.2, clipped 0-100. 90W treated as nominal draw baseline; project assumption — replace with your satellite's actual nominal power budget.
A6: payload_health | B6: 95 while payload is ON (reflects added system stress), 100 while OFF. Placeholder heuristic, not measured degradation.
A7: anomaly_flag / anomaly_parameter / anomaly_confidence | B7: Sourced from the per-channel is_anomaly labels already present in cosmos_channel_datasets.zip (temperature, battery_voltage, solar_power_input channels). Confidence values (0.90 / 0.85 / 0.75) are placeholder priorities by channel — replace once your anomaly detector (Advanced ML module) produces real confidence scores.
A8: health_score | B8: Weighted sum: 0.35*battery + 0.25*thermal + 0.25*power + 0.15*payload, with a flat -12 point penalty when any anomaly is flagged. Weights match the health engine formula proposed in COSMOS_Digital_Twin_Spec.md — a starting point for your prototype, meant to be tuned or replaced with ML.
A9: risk_level | B9: <40 CRITICAL · <60 HIGH · <80 MED · else LOW. Thresholds are project assumptions — align with whatever your Decision Engine module expects.
A10: twin_state_id | B10: Generated as TWIN-000000, TWIN-000001... to give every replayed row a stable ID other MISSION modules can reference.
A11: source_row_index | B11: 0-based row index into this replay dataset (row 2 = index 0), lets predict()/fork_scenario() outputs cite which real row they forked from.
A12: sync_status | B12: Fixed as "LIVE_REPLAY" for every row in this sheet, since this is the base dataset being replayed, not a forecast or scenario fork. Your app will write "FROZEN" or "SCENARIO_FORK" for twin states it generates at runtime — those aren't in this static file.
A13: state_confidence | B13: Fixed at 1.0 for every row — these are real recorded telemetry values, not predictions. predict() and fork_scenario() should output confidence < 1.0 that decays with time horizon, per the spec doc's confidence-decay concept; that logic lives in your app, not this spreadsheet.
